,brick row,shoe column,shoe row,results
0,1,2,1,0.012931344026254427
1,1,2,10,1.1381957476978708e-05
2,1,2,11,7.442293508313133e-06
3,1,2,12,5.0618770842625684e-06
4,1,2,13,3.5579818339207372e-06
5,1,2,14,2.571510095276772e-06
6,1,2,15,1.9034079604347506e-06
7,1,2,16,1.4382782917274166e-06
8,1,2,17,1.1065937987758342e-06
9,1,2,18,8.650355874649977e-07
10,1,2,2,0.012931328160935358
11,1,2,3,0.003859334746103161
12,1,2,4,0.0008152023897538615
13,1,2,5,0.00027309741927546046
14,1,2,6,0.00011625071886406142
15,1,2,7,5.716901164517747e-05
16,1,2,8,3.110530878843388e-05
17,1,2,9,1.826299502985914e-05
18,1,3,1,0.013194132758417146
19,1,3,10,8.866014123427636e-06
20,1,3,11,5.789577562707092e-06
21,1,3,12,3.933882599117315e-06
22,1,3,13,2.763010052174637e-06
23,1,3,14,1.9957556258268027e-06
24,1,3,15,1.4765357985582796e-06
25,1,3,16,1.1152890959598377e-06
26,1,3,17,8.578183519295955e-07
27,1,3,18,6.703892383037136e-07
28,1,3,2,0.013194136572580192
29,1,3,3,0.003466392833990347
30,1,3,4,0.0006608547925217575
31,1,3,5,0.0002173836690012944
32,1,3,6,9.175736334201798e-05
33,1,3,7,4.488419957274336e-05
34,1,3,8,2.433371610437971e-05
35,1,3,9,1.4251501826622569e-05
36,1,4,1,0.013387294812198964
37,1,4,10,1.4459845581744352e-05
38,1,4,11,9.310695910916697e-06
39,1,4,12,6.2602012616157295e-06
40,1,4,13,4.361634883503249e-06
41,1,4,14,3.1306787812981954e-06
42,1,4,15,2.3046187617237982e-06
43,1,4,16,1.7337435588311981e-06
44,1,4,17,1.3290873664712705e-06
45,1,4,18,1.0358396675344914e-06
46,1,4,2,0.013387293321352902
47,1,4,3,0.005581624317019921
48,1,4,4,0.001439143360388809
49,1,4,5,0.0004431177730907499
50,1,4,6,0.0001726538715658051
51,1,4,7,7.97400237571436e-05
52,1,4,8,4.1568939953168494e-05
53,1,4,9,2.369475013265966e-05
54,1,1,1,0.01416728579824125
55,1,1,10,1.0907157034381447e-05
56,1,1,11,7.007540358405764e-06
57,1,1,12,4.704018527452384e-06
58,1,1,13,3.2734243203622374e-06
59,1,1,14,2.347389679310828e-06
60,1,1,15,1.7267374730640507e-06
61,1,1,16,1.2982441862921259e-06
62,1,1,17,9.947575050611669e-07
63,1,1,18,7.749702426347506e-07
64,1,1,2,0.0141672840925873
65,1,1,3,0.005377397456679346
66,1,1,4,0.0012137753616315468
67,1,1,5,0.00035262683870958
68,1,1,6,0.00013397654808849183
69,1,1,7,6.108104455942094e-05
70,1,1,8,3.1603997910490836e-05
71,1,1,9,1.7929735146624088e-05
72,10,2,1,5.505996857347243e-07
73,10,2,10,7.442291694004024e-06
74,10,2,11,1.1381954310298397e-05
75,10,2,12,1.8262993338219082e-05
76,10,2,13,3.110531809638256e-05
77,10,2,14,5.716902679437175e-05
78,10,2,15,0.00011625074799325714
79,10,2,16,0.0002730975092443165
80,10,2,17,0.0008152029002548434
81,10,2,18,0.0038593558156391396
82,10,2,2,6.858063211380887e-07
83,10,2,3,8.650342616976902e-07
84,10,2,4,1.1065932549760363e-06
85,10,2,5,1.4382774034321307e-06
86,10,2,6,1.9034067676910401e-06
87,10,2,7,2.571508455843686e-06
88,10,2,8,3.557979518139091e-06
89,10,2,9,5.0618768407684745e-06
90,10,3,1,4.2653280484357123e-07
91,10,3,10,5.789576351738599e-06
92,10,3,11,8.866011995069796e-06
93,10,3,12,1.4251501118874596e-05
94,10,3,13,2.4333724518264914e-05
95,10,3,14,4.488421367760238e-05
96,10,3,15,9.175739075354064e-05
97,10,3,16,0.00021738374911296765
98,10,3,17,0.0006608552197425244
99,10,3,18,0.00346639365017943
100,10,3,2,5.313723090488438e-07
101,10,3,3,6.703882242708711e-07
102,10,3,4,8.578179486401212e-07
103,10,3,5,1.115288432606171e-06
104,10,3,6,1.476534909602373e-06
105,10,3,7,1.9957544065529406e-06
106,10,3,8,2.763008333801006e-06
107,10,3,9,3.933882535377907e-06
108,10,4,1,6.56256910842644e-07
109,10,4,10,9.31069266894056e-06
110,10,4,11,1.4459839944743072e-05
111,10,4,12,2.3694745342177308e-05
112,10,4,13,4.1568947208882434e-05
113,10,4,14,7.974003338928837e-05
114,10,4,15,0.00017265388236643587
115,10,4,16,0.0004431177831811413
116,10,4,17,0.0014391431019093652
117,10,4,18,0.005581632681246462
118,10,4,2,8.191535577385883e-07
119,10,4,3,1.0358380069949638e-06
120,10,4,4,1.3290866140960252e-06
121,10,4,5,1.733742352448596e-06
122,10,4,6,2.3046171280602374e-06
123,10,4,7,3.1306765143806626e-06
124,10,4,8,4.361631646706614e-06
125,10,4,9,6.260200373943747e-06
126,10,1,1,4.906857848161285e-07
127,10,1,10,7.007537910517448e-06
128,10,1,11,1.0907152762098548e-05
129,10,1,12,1.792973149493317e-05
130,10,1,13,3.1604003291179454e-05
131,10,1,14,6.108105140268583e-05
132,10,1,15,0.00013397655404238592
133,10,1,16,0.0003526268345686184
134,10,1,17,0.001213775079042196
135,10,1,18,0.005377405620263876
136,10,1,2,6.126537621507914e-07
137,10,1,3,7.749690003414032e-07
138,10,1,4,9.94756941896799e-07
139,10,1,5,1.2982432828761376e-06
140,10,1,6,1.7267362488885857e-06
141,10,1,7,2.3473879792169072e-06
142,10,1,8,3.2734218902945776e-06
143,10,1,9,4.704017860090617e-06
144,11,2,1,3.667413613044716e-07
145,11,2,10,3.5579830469881742e-06
146,11,2,11,5.061881835021185e-06
147,11,2,12,7.442284395541404e-06
148,11,2,13,1.1381948188134323e-05
149,11,2,14,1.8263003198087507e-05
150,11,2,15,3.110532212220375e-05
151,11,2,16,5.716903532455582e-05
152,11,2,17,0.00011625074726724607
153,11,2,18,0.00027309749398851457
154,11,2,2,4.4707551499407e-07
155,11,2,3,5.505990733968294e-07
156,11,2,4,6.858062152169912e-07
157,11,2,5,8.650351351883907e-07
158,11,2,6,1.1065933190751595e-06
159,11,2,7,1.4382774922890919e-06
160,11,2,8,1.9034068936463973e-06
161,11,2,9,2.571508638997895e-06
162,11,3,1,2.8401925964328646e-07
163,11,3,10,2.7630110738769153e-06
164,11,3,11,3.933886416152581e-06
165,11,3,12,5.7895706750863805e-06
166,11,3,13,8.866007225670838e-06
167,11,3,14,1.4251508814282877e-05
168,11,3,15,2.4333727684124535e-05
169,11,3,16,4.4884220419017076e-05
170,11,3,17,9.175739027348369e-05
171,11,3,18,0.00021738373700257881
172,11,3,2,3.462806696957185e-07
173,11,3,3,4.2653233046494367e-07
174,11,3,4,5.313722269022333e-07
175,11,3,5,6.703889011786101e-07
176,11,3,6,8.578179983852501e-07
177,11,3,7,1.1152885015976466e-06
178,11,3,8,1.4765350074538623e-06
179,11,3,9,1.9957545489389495e-06
180,11,4,1,4.3564090921915613e-07
181,11,4,10,4.361635966950156e-06
182,11,4,11,6.260206540320998e-06
183,11,4,12,9.310683557402237e-06
184,11,4,13,1.4459832156841909e-05
185,11,4,14,2.3694758160284808e-05
186,11,4,15,4.1568952923173616e-05
187,11,4,16,7.974004622385823e-05
188,11,4,17,0.00017265388330968228
189,11,4,18,0.0004431177591080796
190,11,4,2,5.318986352700898e-07
191,11,4,3,6.562561806562908e-07
192,11,4,4,8.191534299254487e-07
193,11,4,5,1.035839052431745e-06
194,11,4,6,1.3290866920828175e-06
195,11,4,7,1.7337424611401765e-06
196,11,4,8,2.3046172831474884e-06
197,11,4,9,3.130676741734377e-06
198,11,1,1,3.2558805486192037e-07
199,11,1,10,3.273425132077222e-06
200,11,1,11,4.704022492557084e-06
201,11,1,12,7.007531054892839e-06
202,11,1,13,1.0907146886451345e-05
203,11,1,14,1.7929741197529955e-05
204,11,1,15,3.1604007677681994e-05
205,11,1,16,6.10810613674608e-05
206,11,1,17,0.00013397655512873208
207,11,1,18,0.0003526268155680296
208,11,1,2,3.976090675889316e-07
209,11,1,3,4.906852388196248e-07
210,11,1,4,6.126536664323558e-07
211,11,1,5,7.749697824404947e-07
212,11,1,6,9.947570003639987e-07
213,11,1,7,1.298243364422002e-06
214,11,1,8,1.72673636534582e-06
215,11,1,9,2.3473881501286514e-06
216,12,2,1,2.535310381419849e-07
217,12,2,10,1.9034087421286347e-06
218,12,2,11,2.5715111211560085e-06
219,12,2,12,3.5579793998381124e-06
220,12,2,13,5.0618789445138835e-06
221,12,2,14,7.442288100546033e-06
222,12,2,15,1.1381948872641872e-05
223,12,2,16,1.8263004447423926e-05
224,12,2,17,3.110531935582146e-05
225,12,2,18,5.716902867188275e-05
226,12,2,2,3.036422551797965e-07
227,12,2,3,3.6674094795844415e-07
228,12,2,4,4.470754433877606e-07
229,12,2,5,5.505996197941901e-07
230,12,2,6,6.858062345111055e-07
231,12,2,7,8.650351610862092e-07
232,12,2,8,1.1065933544679831e-06
233,12,2,9,1.4382775416501823e-06
234,12,3,1,1.9630103321911463e-07
235,12,3,10,1.4765364412184722e-06
236,12,3,11,1.9957564750788137e-06
237,12,3,12,2.7630082417859816e-06
238,12,3,13,3.933884169397608e-06
239,12,3,14,5.7895735570574035e-06
240,12,3,15,8.866007760988927e-06
241,12,3,16,1.4251509794018245e-05
242,12,3,17,2.4333725526926944e-05
243,12,3,18,4.488421518819504e-05
244,12,3,2,2.351248790133587e-07
245,12,3,3,2.840189395188322e-07
246,12,3,4,3.4628061419176043e-07
247,12,3,5,4.2653275371985484e-07
248,12,3,6,5.313722418660172e-07
249,12,3,7,6.703889212712722e-07
250,12,3,8,8.578180258558366e-07
251,12,3,9,1.1152885399281234e-06
252,12,4,1,3.003993841241133e-07
253,12,4,10,2.304619518309498e-06
254,12,4,11,3.1306797587441426e-06
255,12,4,12,4.361631498968112e-06
256,12,4,13,6.260202958613494e-06
257,12,4,14,9.31068818781952e-06
258,12,4,15,1.445983306700368e-05
259,12,4,16,2.369475987582385e-05
260,12,4,17,4.156894936853358e-05
261,12,4,18,7.97400367849466e-05
262,12,4,2,3.601992290929092e-07
263,12,4,3,4.3564041799278543e-07
264,12,4,4,5.318985493817965e-07
265,12,4,5,6.562568315406412e-07
266,12,4,6,8.191534532316754e-07
267,12,4,7,1.0358390838363374e-06
268,12,4,8,1.3290867352038937e-06
269,12,4,9,1.7337425216224176e-06
270,12,1,1,2.2443851581174257e-07
271,12,1,10,1.7267380397493306e-06
272,12,1,11,2.347390411800021e-06
273,12,1,12,3.2734217791412213e-06
274,12,1,13,4.704019800482717e-06
275,12,1,14,7.007534539429832e-06
276,12,1,15,1.0907147577543248e-05
277,12,1,16,1.7929742506875422e-05
278,12,1,17,3.160400499352586e-05
279,12,1,18,6.108105411684866e-05
280,12,1,2,2.691577730987452e-07
281,12,1,3,3.2558768770829823e-07
282,12,1,4,3.976090033176733e-07
283,12,1,5,4.906857254536105e-07
284,12,1,6,6.126536838886125e-07
285,12,1,7,7.749698059751668e-07
286,12,1,8,9.94757032698683e-07
287,12,1,9,1.2982434098097323e-06
288,13,2,1,1.8078414466756515e-07
289,13,2,10,1.1065944620823921e-06
290,13,2,11,1.4382789755661078e-06
291,13,2,12,1.903406823196293e-06
292,13,2,13,2.5715097252169835e-06
293,13,2,14,3.5579812637242957e-06
294,13,2,15,5.061879306226749e-06
295,13,2,16,7.442288674825145e-06
296,13,2,17,1.1381948005375713e-05
297,13,2,18,1.8263002875335608e-05
298,13,2,2,2.1333155809433105e-07
299,13,2,3,2.535307578987082e-07
300,13,2,4,3.036422158698132e-07
301,13,2,5,3.6674132022579885e-07
302,13,2,6,4.4707546235954866e-07
303,13,2,7,5.50599644276297e-07
304,13,2,8,6.858062665364351e-07
305,13,2,9,8.650352036089374e-07
306,13,3,1,1.3995152455071176e-07
307,13,3,10,8.578188844073428e-07
308,13,3,11,1.1152896517432758e-06
309,13,3,12,1.476534952714069e-06
310,13,3,13,1.995755391590929e-06
311,13,3,14,2.7630096891455448e-06
312,13,3,15,3.933884451032119e-06
313,13,3,16,5.789574004785156e-06
314,13,3,17,8.866007086436377e-06
315,13,3,18,1.4251508564986635e-05
316,13,3,2,1.6516086569624376e-07
317,13,3,3,1.9630081623053105e-07
318,13,3,4,2.3512484855356286e-07
319,13,3,5,2.8401922780822404e-07
320,13,3,6,3.462806288958912e-07
321,13,3,7,4.2653277269928837e-07
322,13,3,8,5.31372266699563e-07
323,13,3,9,6.703889542542164e-07
324,13,4,1,2.1378758619213978e-07
325,13,4,10,1.3290880644905462e-06
326,13,4,11,1.733744248481463e-06
327,13,4,12,2.3046171962245104e-06
328,13,4,13,3.1306780575222863e-06
329,13,4,14,4.361633782590437e-06
330,13,4,15,6.260203415679578e-06
331,13,4,16,9.31068892456321e-06
332,13,4,17,1.4459831984448835e-05
333,13,4,18,2.3694757791504867e-05
334,13,4,2,2.5250705221987835e-07
335,13,4,3,3.0039905197712515e-07
336,13,4,4,3.601991821322304e-07
337,13,4,5,4.3564086004918207e-07
338,13,4,6,5.318985721198082e-07
339,13,4,7,6.562568609596125e-07
340,13,4,8,8.191534918280696e-07
341,13,4,9,1.035839135266129e-06
342,13,1,1,1.5968811167826507e-07
343,13,1,10,9.947580275041043e-07
344,13,1,11,1.2982447027364618e-06
345,13,1,12,1.7267363000550547e-06
346,13,1,13,2.3473891360391356e-06
347,13,1,14,3.27342349287372e-06
348,13,1,15,4.704020144926708e-06
349,13,1,16,7.0075350958428285e-06
350,13,1,17,1.0907146762965178e-05
351,13,1,18,1.792974092408221e-05
352,13,1,2,1.886315289353518e-07
353,13,1,3,2.2443826764332947e-07
354,13,1,4,2.691577379759384e-07
355,13,1,5,3.255880180769695e-07
356,13,1,6,3.9760902033118895e-07
357,13,1,7,4.90685747473e-07
358,13,1,8,6.12653712788461e-07
359,13,1,9,7.749698445015638e-07
360,14,2,1,1.3233503750635394e-07
361,14,2,10,6.85806964065478e-07
362,14,2,11,8.650360817350716e-07
363,14,2,12,1.106593354467874e-06
364,14,2,13,1.4382782191105917e-06
365,14,2,14,1.903407853111804e-06
366,14,2,15,2.5715099316958083e-06
367,14,2,16,3.5579815756757843e-06
368,14,2,17,5.061879010927701e-06
369,14,2,18,7.442288299986876e-06
370,14,2,2,1.5420736247975373e-07
371,14,2,3,1.8078394647256823e-07
372,14,2,4,2.1333153399449195e-07
373,14,2,5,2.535310177357737e-07
374,14,2,6,3.0364222962272176e-07
375,14,2,7,3.66741337691176e-07
376,14,2,8,4.470754848013347e-07
377,14,2,9,5.505996734931004e-07
378,14,3,1,1.0243159148322146e-07
379,14,3,10,5.31372807139576e-07
380,14,3,11,6.703896347669147e-07
381,14,3,12,8.578180258555586e-07
382,14,3,13,1.1152890651750959e-06
383,14,3,14,1.4765357517059672e-06
384,14,3,15,1.995755552148948e-06
385,14,3,16,2.7630099319471956e-06
386,14,3,17,3.933884222338018e-06
387,14,3,18,5.789573713836299e-06
388,14,3,2,1.193690138655193e-07
389,14,3,3,1.3995137111953215e-07
390,14,3,4,1.651608470273853e-07
391,14,3,5,1.9630101741046088e-07
392,14,3,6,2.3512485920958875e-07
393,14,3,7,2.8401924134293524e-07
394,14,3,8,3.4628064629183516e-07
395,14,3,9,4.265327953511912e-07
396,14,4,1,1.5625480753868236e-07
397,14,4,10,8.191543247154496e-07
398,14,4,11,1.0358401863932626e-06
399,14,4,12,1.329086735203102e-06
400,14,4,13,1.7337433368415445e-06
401,14,4,14,2.3046184441893325e-06
402,14,4,15,3.1306783144764995e-06
403,14,4,16,4.3616341750084905e-06
404,14,4,17,6.260203065258794e-06
405,14,4,18,9.310688467810514e-06
406,14,4,2,1.8221166021866418e-07
407,14,4,3,2.1378735177470016e-07
408,14,4,4,2.525070235347382e-07
409,14,4,5,3.003993597950082e-07
410,14,4,6,3.6019919856796355e-07
411,14,4,7,4.356408809645822e-07
412,14,4,8,5.318985990611456e-07
413,14,4,9,6.562568961332099e-07
414,14,1,1,1.1669139021339033e-07
415,14,1,10,6.126543356881807e-07
416,14,1,11,7.74970630871815e-07
417,14,1,12,9.947570326982518e-07
418,14,1,13,1.2982440201136173e-06
419,14,1,14,1.7267372351921037e-06
420,14,1,15,2.347389329271199e-06
421,14,1,16,3.2734237884179817e-06
422,14,1,17,4.70401988317454e-06
423,14,1,18,7.0075347534195985e-06
424,14,1,2,1.3608850382128833e-07
425,14,1,3,1.5968793657632934e-07
426,14,1,4,1.886315074914674e-07
427,14,1,5,2.244384976195247e-07
428,14,1,6,2.6915775026918554e-07
429,14,1,7,3.25588033725098e-07
430,14,1,8,3.9760904049422073e-07
431,14,1,9,4.906857738064246e-07
432,15,2,1,9.907050748196957e-08
433,15,2,10,4.470759186292352e-07
434,15,2,11,5.50600205281954e-07
435,15,2,12,6.858062345116021e-07
436,15,2,13,8.650355742518712e-07
437,15,2,14,1.1065938795676244e-06
438,15,2,15,1.4382782191119574e-06
439,15,2,16,1.9034078531131848e-06
440,15,2,17,2.5715095427557113e-06
441,15,2,18,3.55798106399437e-06
442,15,2,2,1.1420321449923087e-07
443,15,2,3,1.3233488797200891e-07
444,15,2,4,1.5420734053923342e-07
445,15,2,5,1.8078412504793856e-07
446,15,2,6,2.1333153399479329e-07
447,15,2,7,2.535310177361966e-07
448,15,2,8,3.0364222962298746e-07
449,15,2,9,3.6674133769085214e-07
450,15,3,1,7.667555573042617e-08
451,15,3,10,3.462809822904875e-07
452,15,3,11,4.265332072821712e-07
453,15,3,12,5.31372241866963e-07
454,15,3,13,6.703892414350752e-07
455,15,3,14,8.578184328558226e-07
456,15,3,15,1.1152890651758468e-06
457,15,3,16,1.4765357517070558e-06
458,15,3,17,1.995755250221651e-06
459,15,3,18,2.7630095342063047e-06
460,15,3,2,8.839198454017522e-08
461,15,3,3,1.0243147573620088e-07
462,15,3,4,1.1936899687333681e-07
463,15,3,5,1.39951509355347e-07
464,15,3,6,1.6516084702756182e-07
465,15,3,7,1.9630101740987947e-07
466,15,3,8,2.3512485920997817e-07
467,15,3,9,2.8401924134258096e-07
468,15,4,1,1.1683495831397806e-07
469,15,4,10,5.318991148228793e-07
470,15,4,11,6.562575294312552e-07
471,15,4,12,8.191534532317326e-07
472,15,4,13,1.0358395779957607e-06
473,15,4,14,1.3290873649820043e-06
474,15,4,15,1.7337433368423354e-06
475,15,4,16,2.3046184441906992e-06
476,15,4,17,3.1306778397351748e-06
477,15,4,18,4.361633540734172e-06
478,15,4,2,1.3475891263140977e-07
479,15,4,3,1.562546309248187e-07
480,15,4,4,1.8221163416682395e-07
481,15,4,5,2.137875628716701e-07
482,15,4,6,2.525070235347193e-07
483,15,4,7,3.0039935979520615e-07
484,15,4,8,3.6019919856822915e-07
485,15,4,9,4.3564088096487844e-07
486,15,1,1,8.7239014632506e-08
487,15,1,10,3.976094260044557e-07
488,15,1,11,4.906862472735657e-07
489,15,1,12,6.126536838884623e-07
490,15,1,13,7.749701756256116e-07
491,15,1,14,9.947575039681291e-07
492,15,1,15,1.2982440201141618e-06
493,15,1,16,1.7267372351928292e-06
494,15,1,17,2.3473889731844807e-06
495,15,1,18,3.273423311672304e-06
496,15,1,2,1.0062996991932055e-07
497,15,1,3,1.166912583128822e-07
498,15,1,4,1.3608848435204437e-07
499,15,1,5,1.5968809424707055e-07
500,15,1,6,1.886315074916809e-07
501,15,1,7,2.2443849761961097e-07
502,15,1,8,2.691577502693709e-07
503,15,1,9,3.255880337251471e-07
504,16,2,1,7.56247765286912e-08
505,16,2,10,3.0364252666009647e-07
506,16,2,11,3.667416950758257e-07
507,16,2,12,4.4707544338772943e-07
508,16,2,13,5.505998856880787e-07
509,16,2,14,6.858065639815083e-07
510,16,2,15,8.650355742517489e-07
511,16,2,16,1.106593879567592e-06
512,16,2,17,1.43827800531786e-06
513,16,2,18,1.9034075982031669e-06
514,16,2,2,8.636130871040768e-08
515,16,2,3,9.90703960312404e-08
516,16,2,4,1.1420319941922995e-07
517,16,2,5,1.3233501937987248e-07
518,16,2,6,1.5420734053964142e-07
519,16,2,7,1.8078412504790338e-07
520,16,2,8,2.1333153399484162e-07
521,16,2,9,2.535310177360436e-07
522,16,3,1,5.8524657640929624e-08
523,16,3,10,2.3512508920911937e-07
524,16,3,11,2.8401951810086254e-07
525,16,3,12,3.4628061419191893e-07
526,16,3,13,4.26532959684343e-07
527,16,3,14,5.313724971223247e-07
528,16,3,15,6.703892414353212e-07
529,16,3,16,8.578184328564592e-07
530,16,3,17,1.1152888993675412e-06
531,16,3,18,1.476535553834739e-06
532,16,3,2,6.683622707702253e-08
533,16,3,3,7.667546947162262e-08
534,16,3,4,8.839197286310843e-08
535,16,3,5,1.0243157744672878e-07
536,16,3,6,1.1936899687329174e-07
537,16,3,7,1.399515093553051e-07
538,16,3,8,1.6516084702798264e-07
539,16,3,9,1.9630101740974598e-07
540,16,4,1,8.909686187402388e-08
541,16,4,10,3.6019955074028183e-07
542,16,4,11,4.3564130522501433e-07
543,16,4,12,5.318985493819214e-07
544,16,4,13,6.56257148190049e-07
545,16,4,14,8.191538463694769e-07
546,16,4,15,1.0358395779958175e-06
547,16,4,16,1.3290873649818963e-06
548,16,4,17,1.7337430786913686e-06
549,16,4,18,2.3046181332083336e-06
550,16,4,2,1.0179389615787773e-07
551,16,4,3,1.1683482684859815e-07
552,16,4,4,1.347588947624364e-07
553,16,4,5,1.562547860391361e-07
554,16,4,6,1.822116341667584e-07
555,16,4,7,2.1378756287186235e-07
556,16,4,8,2.5250702353489657e-07
557,16,4,9,3.0039935979497565e-07
558,16,1,1,6.651899895686821e-08
559,16,1,10,2.691580134102579e-07
560,16,1,11,3.2558835078185486e-07
561,16,1,12,3.9760900331798856e-07
562,16,1,13,4.906859621872171e-07
563,16,1,14,6.126539778826727e-07
564,16,1,15,7.749701756261269e-07
565,16,1,16,9.94757503968445e-07
566,16,1,17,1.2982438267651971e-06
567,16,1,18,1.7267370019558938e-06
568,16,1,2,7.600304088504458e-08
569,16,1,3,8.723891646633312e-08
570,16,1,4,1.0062995656841048e-07
571,16,1,5,1.1669137414832132e-07
572,16,1,6,1.360884843520762e-07
573,16,1,7,1.596880942472862e-07
574,16,1,8,1.8863150749152023e-07
575,16,1,9,2.2443849761952476e-07
576,17,2,1,5.8718321172272165e-08
577,17,2,10,2.1333175939586426e-07
578,17,2,11,2.535312855423679e-07
579,17,2,12,3.036422276740742e-07
580,17,2,13,3.667415137999574e-07
581,17,2,14,4.4707569824502775e-07
582,17,2,15,5.505999346541656e-07
583,17,2,16,6.858066280310758e-07
584,17,2,17,8.65035532426699e-07
585,17,2,18,1.1065938544525323e-06
586,17,2,2,6.650488840711118e-08
587,17,2,3,7.562469604397165e-08
588,17,2,4,8.636130309379181e-08
589,17,2,5,9.90705008029638e-08
590,17,2,6,1.1420320650640987e-07
591,17,2,7,1.3233502787919822e-07
592,17,2,8,1.5420735080113265e-07
593,17,2,9,1.8078413752852077e-07
594,17,3,1,4.543780445658399e-08
595,17,3,10,1.651610215323675e-07
596,17,3,11,1.9630122476280664e-07
597,17,3,12,2.3512485769853989e-07
598,17,3,13,2.8401937771843586e-07
599,17,3,14,3.4628081159848365e-07
600,17,3,15,4.2653299764348036e-07
601,17,3,16,5.313725467881947e-07
602,17,3,17,6.703892090688778e-07
603,17,3,18,8.578184134230443e-07
604,17,3,2,5.146501205863884e-08
605,17,3,3,5.8524595355793486e-08
606,17,3,4,6.683622272848283e-08
607,17,3,5,7.667555055898419e-08
608,17,3,6,8.839197835089673e-08
609,17,3,7,1.0243158402830807e-07
610,17,3,8,1.1936900482073898e-07
611,17,3,9,1.3995151902073855e-07
612,17,4,1,6.912230371615758e-08
613,17,4,10,2.525072903180945e-07
614,17,4,11,3.003996770951149e-07
615,17,4,12,3.601991962209716e-07
616,17,4,13,4.3564108997615336e-07
617,17,4,14,5.318988527380223e-07
618,17,4,15,6.562572070273565e-07
619,17,4,16,8.191539235625949e-07
620,17,4,17,1.035839528754481e-06
621,17,4,18,1.3290873354572953e-06
622,17,4,2,7.831891280269763e-08
623,17,4,3,8.909676704812915e-08
624,17,4,4,1.0179388951194714e-07
625,17,4,5,1.168349504042692e-07
626,17,4,6,1.347589031584517e-07
627,17,4,7,1.5625479611666004e-07
628,17,4,8,1.8221164634674017e-07
629,17,4,9,2.137875777019448e-07
630,17,1,1,5.1600823166871803e-08
631,17,1,10,1.8863170678699108e-07
632,17,1,11,2.2443873468341043e-07
633,17,1,12,2.6915774851239246e-07
634,17,1,13,3.255881899176753e-07
635,17,1,14,3.976092300995124e-07
636,17,1,15,4.906860062258616e-07
637,17,1,16,6.12654035682509e-07
638,17,1,17,7.749701388676833e-07
639,17,1,18,9.94757481932882e-07
640,17,1,2,5.846910466127426e-08
641,17,1,3,6.65189281606876e-08
642,17,1,4,7.600303592044564e-08
643,17,1,5,8.723900872327182e-08
644,17,1,6,1.0062996284114374e-07
645,17,1,7,1.1669138167811798e-07
646,17,1,8,1.360884934535807e-07
647,17,1,9,1.5968810533156528e-07
648,18,2,1,4.628068182392804e-08
649,18,2,10,1.5420751521983336e-07
650,18,2,11,1.8078433038142467e-07
651,18,2,12,2.133315504447908e-07
652,18,2,13,2.535311625863708e-07
653,18,2,14,3.036424036984619e-07
654,18,2,15,3.6674154872959624e-07
655,18,2,16,4.4707574312942967e-07
656,18,2,17,5.505999131885871e-07
657,18,2,18,6.858066224666691e-07
658,18,2,2,5.203800136862346e-08
659,18,2,3,5.8718259047188434e-08
660,18,2,4,6.650488477094853e-08
661,18,2,5,7.562477652879461e-08
662,18,2,6,8.636130871097225e-08
663,18,2,7,9.90705074819596e-08
664,18,2,8,1.1420321449902355e-07
665,18,2,9,1.3233503750620137e-07
666,18,3,1,3.5811094351142894e-08
667,18,3,10,1.193691320948366e-07
668,18,3,11,1.399516683165279e-07
669,18,3,12,1.651608597703118e-07
670,18,3,13,1.9630112956771975e-07
671,18,3,14,2.3512499401164886e-07
672,18,3,15,2.840194047888339e-07
673,18,3,16,3.4628084639133706e-07
674,18,3,17,4.265329810499808e-07
675,18,3,18,5.313725425140486e-07
676,18,3,2,4.026714235200945e-08
677,18,3,3,4.543775638276548e-08
678,18,3,4,5.146500924363949e-08
679,18,3,5,5.852465764143879e-08
680,18,3,6,6.683622707696613e-08
681,18,3,7,7.66755557305693e-08
682,18,3,8,8.839198453952492e-08
683,18,3,9,1.0243159148314003e-07
684,18,4,1,5.444398840513116e-08
685,18,4,10,1.8221184063689608e-07
686,18,4,11,2.1378780577915947e-07
687,18,4,12,2.5250704311772715e-07
688,18,4,13,3.003995315042884e-07
689,18,4,14,3.6019940517838643e-07
690,18,4,15,4.3564113180700765e-07
691,18,4,16,5.318989066211571e-07
692,18,4,17,6.562571820634677e-07
693,18,4,18,8.191539175652348e-07
694,18,4,2,6.123665236895988e-08
695,18,4,3,6.91222305839285e-08
696,18,4,4,7.83189085070333e-08
697,18,4,5,8.90968618739473e-08
698,18,4,6,1.0179389615820855e-07
699,18,4,7,1.1683495831413536e-07
700,18,4,8,1.3475891263138635e-07
701,18,4,9,1.5625480753828418e-07
702,18,1,1,4.063975330747719e-08
703,18,1,10,1.3608863856472577e-07
704,18,1,11,1.5968827569493943e-07
705,18,1,12,1.8863152213170476e-07
706,18,1,13,2.244386259166591e-07
707,18,1,14,2.6915790466922615e-07
708,18,1,15,3.255882212138016e-07
709,18,1,16,3.976092704253002e-07
710,18,1,17,4.906859876208935e-07
711,18,1,18,6.126540312600606e-07
712,18,1,2,4.571201697441867e-08
713,18,1,3,5.1600768572481576e-08
714,18,1,4,5.8469101453030465e-08
715,18,1,5,6.65189989565597e-08
716,18,1,6,7.600304088511863e-08
717,18,1,7,8.723901463236375e-08
718,18,1,8,1.0062996991937966e-07
719,18,1,9,1.1669139021359763e-07
720,2,2,1,0.000815202558269992
721,2,2,10,3.110534076111367e-05
722,2,2,11,1.826301392254837e-05
723,2,2,12,1.138194249468597e-05
724,2,2,13,7.442288607250843e-06
725,2,2,14,5.06187924220968e-06
726,2,2,15,3.55798121001769e-06
727,2,2,16,2.5715096823192866e-06
728,2,2,17,1.903407456382057e-06
729,2,2,18,1.4382780656591003e-06
730,2,2,2,0.0038593546359639653
731,2,2,3,0.01293133337455373
732,2,2,4,0.012931333007727789
733,2,2,5,0.0038593379995251597
734,2,2,6,0.0008152017064879439
735,2,2,7,0.00027309725967229547
736,2,2,8,0.00011625066595317292
737,2,2,9,5.716899028119316e-05
738,2,3,1,0.0006608549383553924
739,2,3,10,2.4333741108673974e-05
740,2,3,11,1.4251516566463002e-05
741,2,3,12,8.866002443406046e-06
742,2,3,13,5.789573747263562e-06
743,2,3,14,3.933884275027315e-06
744,2,3,15,2.763009566575804e-06
745,2,3,16,1.995755304711874e-06
746,2,3,17,1.4765354072195587e-06
747,2,3,18,1.1152889205169738e-06
748,2,3,2,0.0034663924921014273
749,2,3,3,0.013194122159466116
750,2,3,4,0.013194141721069481
751,2,3,5,0.0034663956590926565
752,2,3,6,0.0006608542209808801
753,2,3,7,0.00021738354014806273
754,2,3,8,9.175732115260484e-05
755,2,3,9,4.488418266705395e-05
756,2,4,1,0.0014391425080362635
757,2,4,10,4.1568982518418166e-05
758,2,4,11,2.3694774584575473e-05
759,2,4,12,1.4459826365387963e-05
760,2,4,13,9.310689727501888e-06
761,2,4,14,6.260203909029159e-06
762,2,4,15,4.361634098667568e-06
763,2,4,16,3.130678267389903e-06
764,2,4,17,2.304618145503117e-06
765,2,4,18,1.7337432837819025e-06
766,2,4,2,0.005581631313769712
767,2,4,3,0.013387282977076358
768,2,4,4,0.013387297544083696
769,2,4,5,0.005581629484104268
770,2,4,6,0.0014391421309988739
771,2,4,7,0.00044311748199191966
772,2,4,8,0.00017265378371582026
773,2,4,9,7.973999113235428e-05
774,2,1,1,0.0012137745578340937
775,2,1,10,3.160403025037929e-05
776,2,1,11,1.7929753642009483e-05
777,2,1,12,1.090714251880169e-05
778,2,1,13,7.00753569890828e-06
779,2,1,14,4.704020514504477e-06
780,2,1,15,3.2734237292761123e-06
781,2,1,16,2.347389292847976e-06
782,2,1,17,1.726737010765622e-06
783,2,1,18,1.2982439800792888e-06
784,2,1,2,0.005377404273880803
785,2,1,3,0.014167273494843412
786,2,1,4,0.014167288876228411
787,2,1,5,0.0053774022713550425
788,2,1,6,0.00121377423508138
789,2,1,7,0.00035262659709503204
790,2,1,8,0.00013397647819431147
791,2,1,9,6.108101915440021e-05
792,3,2,1,0.00011625073783787223
793,3,2,10,0.00011625080659881493
794,3,2,11,5.7169057113933125e-05
795,3,2,12,3.1105300737061984e-05
796,3,2,13,1.8263002804848335e-05
797,3,2,14,1.1381947870982647e-05
798,3,2,15,7.442287458711471e-06
799,3,2,16,5.061878518792276e-06
800,3,2,17,3.5579803300019817e-06
801,3,2,18,2.5715093327607337e-06
802,3,2,2,0.000273097513035715
803,3,2,3,0.0008152017969584185
804,3,2,4,0.003859353159078969
805,3,2,5,0.012931344024772008
806,3,2,6,0.012931328161052
807,3,2,7,0.003859336522865674
808,3,2,8,0.0008152014403664463
809,3,2,9,0.0002730971824959364
810,3,3,1,9.175738308156358e-05
811,3,3,10,9.175743239381781e-05
812,3,3,11,4.4884235203695766e-05
813,3,3,12,2.433370977287548e-05
814,3,3,13,1.4251507888284165e-05
815,3,3,14,8.866006631053074e-06
816,3,3,15,5.789572851820578e-06
817,3,3,16,3.933883711760007e-06
818,3,3,17,2.7630088826823806e-06
819,3,3,18,1.9957550332796486e-06
820,3,3,2,0.0002173837534957675
821,3,3,3,0.0006608543241312741
822,3,3,4,0.003466391137717117
823,3,3,5,0.013194132758354227
824,3,3,6,0.013194136572822002
825,3,3,7,0.003466394305399902
826,3,3,8,0.0006608540034506029
827,3,3,9,0.00021738347833801685
828,3,4,1,0.0001726538747203373
829,3,4,10,0.00017265399756609845
830,3,4,11,7.974008576120085e-05
831,3,4,12,4.156892852501735e-05
832,3,4,13,2.3694760112254633e-05
833,3,4,14,1.445983319155892e-05
834,3,4,15,9.310688254039158e-06
835,3,4,16,6.260202994910198e-06
836,3,4,17,4.361633010690443e-06
837,3,4,18,3.1306778393038444e-06
838,3,4,2,0.00044311781447244574
839,3,4,3,0.001439141172928481
840,3,4,4,0.005581629260683111
841,3,4,5,0.013387294812073132
842,3,4,6,0.013387293321035878
843,3,4,7,0.0055816274308916995
844,3,4,8,0.0014391416408368123
845,3,4,9,0.0004431173487838987
846,3,1,1,0.00013397654942891307
847,3,1,10,0.00013397664514620017
848,3,1,11,6.108109186035616e-05
849,3,1,12,3.160398913788249e-05
850,3,1,13,1.7929742685779e-05
851,3,1,14,1.0907147667659236e-05
852,3,1,15,7.007534586093679e-06
853,3,1,16,4.704019825621663e-06
854,3,1,17,3.2734229118164115e-06
855,3,1,18,2.347388971620419e-06
856,3,1,2,0.00035262686662464274
857,3,1,3,0.0012137734482894542
858,3,1,4,0.00537740222299883
859,3,1,5,0.01416728579882449
860,3,1,6,0.014167284092123207
861,3,1,7,0.005377400220214042
862,3,1,8,0.0012137738122053817
863,3,1,9,0.000352626489457611
864,4,2,1,3.110531172757459e-05
865,4,2,10,0.000815202884913958
866,4,2,11,0.00027309760991179043
867,4,2,12,0.00011625067790362381
868,4,2,13,5.716903438006911e-05
869,4,2,14,3.1105321643912e-05
870,4,2,15,1.826300280484043e-05
871,4,2,16,1.1381947870978752e-05
872,4,2,17,7.4422866321308375e-06
873,4,2,18,5.061878516304183e-06
874,4,2,2,5.716901793230796e-05
875,4,2,3,0.00011625056817977311
876,4,2,4,0.00027309727624498395
877,4,2,5,0.000815202292049014
878,4,2,6,0.003859353158578888
879,4,2,7,0.012931344025870211
880,4,2,8,0.012931328160961732
881,4,2,9,0.0038593365228566713
882,4,3,1,2.4333719577593226e-05
883,4,3,10,0.0006608551891858151
884,4,3,11,0.00021738382002818528
885,4,3,12,9.175733073802632e-05
886,4,3,13,4.488421738849555e-05
887,4,3,14,2.4333726148191235e-05
888,4,3,15,1.4251507888251678e-05
889,4,3,16,8.866006631035696e-06
890,4,3,17,5.789572209115007e-06
891,4,3,18,3.933883710499051e-06
892,4,3,2,4.488420683172606e-05
893,4,3,3,9.175724882072423e-05
894,4,3,4,0.00021738356281439156
895,4,3,5,0.0006608547207119645
896,4,3,6,0.0034663911379378284
897,4,3,7,0.013194132758147549
898,4,3,8,0.013194136573038162
899,4,3,9,0.003466394305334308
900,4,4,1,4.156893953789017e-05
901,4,4,10,0.0014391442052911093
902,4,4,11,0.00044311806826521764
903,4,4,12,0.00017265380479816595
904,4,4,13,7.974005476008182e-05
905,4,4,14,4.156895687119777e-05
906,4,4,15,2.369476011224375e-05
907,4,4,16,1.4459833191553862e-05
908,4,4,17,9.310687225850883e-06
909,4,4,18,6.260203004277848e-06
910,4,4,2,7.974002338004209e-05
911,4,4,3,0.00017265361518012013
912,4,4,4,0.00044311739014364534
913,4,4,5,0.0014391420177198898
914,4,4,6,0.0055816292604154265
915,4,4,7,0.013387294812375888
916,4,4,8,0.01338729332099036
917,4,4,9,0.005581627430876596
918,4,1,1,3.160399756472585e-05
919,4,1,10,0.001213776048264991
920,4,1,11,0.00035262707008375396
921,4,1,12,0.0001339764952186813
922,4,1,13,6.108106821034978e-05
923,4,1,14,3.160401074062711e-05
924,4,1,15,1.7929742685729224e-05
925,4,1,16,1.0907147667638208e-05
926,4,1,17,7.007533812865161e-06
927,4,1,18,4.704019833955425e-06
928,4,1,2,6.108104407000763e-05
929,4,1,3,0.00013397634662943114
930,4,1,4,0.00035262651734579433
931,4,1,5,0.0012137741348045778
932,4,1,6,0.0053774022230098
933,4,1,7,0.014167285798582752
934,4,1,8,0.01416728409236257
935,4,1,9,0.00537740022023931
936,5,2,1,1.1381943911857263e-05
937,5,2,10,0.01293134365733534
938,5,2,11,0.003859344592159458
939,5,2,12,0.0008152019150998009
940,5,2,13,0.0002730975145979637
941,5,2,14,0.00011625076273218402
942,5,2,15,5.716903437974411e-05
943,5,2,16,3.1105321643787764e-05
944,5,2,17,1.82630008610805e-05
945,5,2,18,1.1381948044313528e-05
946,5,2,2,1.8262996672735888e-05
947,5,2,3,3.110526991405084e-05
948,5,2,4,5.7168983811436755e-05
949,5,2,5,0.00011625065591285775
950,5,2,6,0.0002730972762538796
951,5,2,7,0.0008152022921132422
952,5,2,8,0.0038593531591058837
953,5,2,9,0.012931344024288012
954,5,3,1,8.866003899381018e-06
955,5,3,10,0.013194152320007597
956,5,3,11,0.0034664021431229665
957,5,3,12,0.0006608543979882307
958,5,3,13,0.00021738374451686702
959,5,3,14,9.175739786799367e-05
960,5,3,15,4.488421738824865e-05
961,5,3,16,2.4333726148095754e-05
962,5,3,17,1.4251506372842886e-05
963,5,3,18,8.866006768729878e-06
964,5,3,2,1.4251503732735753e-05
965,5,3,3,2.433368682694025e-05
966,5,3,4,4.488417986508821e-05
967,5,3,5,9.175731786895972e-05
968,5,3,6,0.00021738356281819366
969,5,3,7,0.000660854720743089
970,5,3,8,0.0034663911380133656
971,5,3,9,0.013194132757899369
972,5,4,1,1.4459826813344114e-05
973,5,4,10,0.013387309378622906
974,5,4,11,0.005581637024267765
975,5,4,12,0.0014391425006523896
976,5,4,13,0.00044311792068640307
977,5,4,14,0.00017265393456747965
978,5,4,15,7.974005475953217e-05
979,5,4,16,4.156895687100188e-05
980,5,4,17,2.369475761732765e-05
981,5,4,18,1.445983346268561e-05
982,5,4,2,2.369474989668941e-05
983,5,4,3,4.1568882845834137e-05
984,5,4,4,7.973997204151872e-05
985,5,4,5,0.000172653741177261
986,5,4,6,0.0004431173901615102
987,5,4,7,0.001439142017814375
988,5,4,8,0.00558162926036808
989,5,4,9,0.01338729481182384
990,5,1,1,1.0907142865682837e-05
991,5,1,10,0.014167301180177665
992,5,1,11,0.005377409990752694
993,5,1,12,0.0012137745869210091
994,5,1,13,0.00035262695440101523
995,5,1,14,0.00013397659661745052
996,5,1,15,6.108106820991994e-05
997,5,1,16,3.1604010740490173e-05
998,5,1,17,1.792974080094166e-05
999,5,1,18,1.0907147877797173e-05
1000,5,1,2,1.792973496804746e-05
1001,5,1,3,3.160395435910488e-05
1002,5,1,4,6.108100421028916e-05
1003,5,1,5,0.00013397644368198891
1004,5,1,6,0.00035262651735333447
1005,5,1,7,0.0012137741348502203
1006,5,1,8,0.00537740222295058
1007,5,1,9,0.014167285798510497
1008,6,2,1,5.061877021631483e-06
1009,6,2,10,0.0038593556741082545
1010,6,2,11,0.012931356421649678
1011,6,2,12,0.012931330583387215
1012,6,2,13,0.0038593412960346643
1013,6,2,14,0.000815202295710202
1014,6,2,15,0.000273097434793594
1015,6,2,16,0.00011625073627632351
1016,6,2,17,5.7169018014209036e-05
1017,6,2,18,3.110531793490328e-05
1018,6,2,2,7.442285368528102e-06
1019,6,2,3,1.138193029851314e-05
1020,6,2,4,1.8262990003872994e-05
1021,6,2,5,3.1105298755215805e-05
1022,6,2,6,5.7168990189405654e-05
1023,6,2,7,0.00011625067041874311
1024,6,2,8,0.000273097314837708
1025,6,2,9,0.000815202425134379
1026,6,3,1,3.933882676231312e-06
1027,6,3,10,0.003466393285270134
1028,6,3,11,0.0131941453566693
1029,6,3,12,0.013194139147006612
1030,6,3,13,0.003466398901229979
1031,6,3,14,0.000660854705087303
1032,6,3,15,0.0002173836800885895
1033,6,3,16,9.17573767728585e-05
1034,6,3,17,4.4884204481535185e-05
1035,6,3,18,2.4333723236894356e-05
1036,6,3,2,5.789571434051189e-06
1037,6,3,3,8.865993289968631e-06
1038,6,3,4,1.4251498505290109e-05
1039,6,3,5,2.4333709372263992e-05
1040,6,3,6,4.488418489485882e-05
1041,6,3,7,9.175732937942777e-05
1042,6,3,8,0.00021738359372568827
1043,6,3,9,0.0006608548295253755
1044,6,4,1,6.260200602484769e-06
1045,6,4,10,0.005581633401179917
1046,6,4,11,0.013387307893862348
1047,6,4,12,0.013387295432213736
1048,6,4,13,0.005581633254315656
1049,6,4,14,0.0014391431681615382
1050,6,4,15,0.0004431177751316979
1051,6,4,16,0.00017265389064159822
1052,6,4,17,7.974003069669436e-05
1053,6,4,18,4.156895171416597e-05
1054,6,4,2,9.310684811843106e-06
1055,6,4,3,1.4459809417216132e-05
1056,6,4,4,2.369474078792852e-05
1057,6,4,5,4.156892104541773e-05
1058,6,4,6,7.973998139753675e-05
1059,6,4,7,0.00017265376402154583
1060,6,4,8,0.0004431174567569483
1061,6,4,9,0.0014391422628534016
1062,6,1,1,4.704018032320629e-06
1063,6,1,10,0.005377406012196895
1064,6,1,11,0.014167299549733923
1065,6,1,12,0.01416728648435958
1066,6,1,13,0.005377406130988341
1067,6,1,14,0.0012137751416787816
1068,6,1,15,0.00035262683359025523
1069,6,1,16,0.00013397656166962743
1070,6,1,17,6.108104959481074e-05
1071,6,1,18,3.160400679324987e-05
1072,6,1,2,7.0075320029897776e-06
1073,6,1,3,1.090712973222811e-05
1074,6,1,4,1.7929728021990692e-05
1075,6,1,5,3.160398335854748e-05
1076,6,1,6,6.108101143719952e-05
1077,6,1,7,0.00013397646160738985
1078,6,1,8,0.0003526265711769764
1079,6,1,9,0.001213774346318212
1080,7,2,1,2.5715087422413837e-06
1081,7,2,10,0.00027309758526528023
1082,7,2,11,0.0008152032618519559
1083,7,2,12,0.0038593531591057857
1084,7,2,13,0.012931349011320056
1085,7,2,14,0.012931335910050868
1086,7,2,15,0.0038593405571629366
1087,7,2,16,0.00081520216265308
1088,7,2,17,0.00027309737237650184
1089,7,2,18,0.00011625073096196266
1090,7,2,2,3.557979948396841e-06
1091,7,2,3,5.061871240617977e-06
1092,7,2,4,7.442283422590574e-06
1093,7,2,5,1.1381941589223383e-05
1094,7,2,6,1.82629925025432e-05
1095,7,2,7,3.110530367587173e-05
1096,7,2,8,5.7169000871756085e-05
1097,7,2,9,0.00011625069687541423
1098,7,3,1,1.9957546292324086e-06
1099,7,3,10,0.00021738380916880108
1100,7,3,11,0.0006608555118735655
1101,7,3,12,0.003466391137899629
1102,7,3,13,0.013194137770348785
1103,7,3,14,0.013194144446672348
1104,7,3,15,0.0034663982242339342
1105,7,3,16,0.0006608545963039287
1106,7,3,17,0.0002173836303044628
1107,7,3,18,9.175737263479941e-05
1108,7,3,2,2.7630086686482455e-06
1109,7,3,3,3.933878182723062e-06
1110,7,3,4,5.789569916201641e-06
1111,7,3,5,8.866002083937045e-06
1112,7,3,6,1.4251500464714209e-05
1113,7,3,7,2.4333713245529613e-05
1114,7,3,8,4.4884193347893115e-05
1115,7,3,9,9.17573504743372e-05
1116,7,4,1,3.1306768702163425e-06
1117,7,4,10,0.0004431178974603519
1118,7,4,11,0.0014391437223481112
1119,7,4,12,0.005581629260539052
1120,7,4,13,0.01338730029705415
1121,7,4,14,0.013387301350135317
1122,7,4,15,0.005581632227399088
1123,7,4,16,0.0014391429230601895
1124,7,4,17,0.00044311767163175675
1125,7,4,18,0.00017265388397619155
1126,7,4,2,4.361632186869589e-06
1127,7,4,3,6.260193439070562e-06
1128,7,4,4,9.31068230301196e-06
1129,7,4,5,1.4459823745040776e-05
1130,7,4,6,2.3694744218999836e-05
1131,7,4,7,4.1568928109206004e-05
1132,7,4,8,7.973999771056505e-05
1133,7,4,9,0.00017265380794889818
1134,7,1,1,2.3473882467473915e-06
1135,7,1,10,0.0003526269233359291
1136,7,1,11,0.0012137755960885687
1137,7,1,12,0.005377402223009194
1138,7,1,13,0.014167291478241093
1139,7,1,14,0.014167292636158874
1140,7,1,15,0.005377405105479798
1141,7,1,16,0.0012137749302110015
1142,7,1,17,0.0003526267508482402
1143,7,1,18,0.00013397655674843293
1144,7,1,2,3.273422296993996e-06
1145,7,1,3,4.704012648167429e-06
1146,7,1,4,7.007530106829865e-06
1147,7,1,5,1.0907140538212516e-05
1148,7,1,6,1.792973064063086e-05
1149,7,1,7,3.160398879154182e-05
1150,7,1,8,6.108102413989056e-05
1151,7,1,9,0.00013397649655513553
1152,8,2,1,1.4382775811473324e-06
1153,8,2,10,5.716904952847657e-05
1154,8,2,11,0.00011625079185972205
1155,8,2,12,0.00027309729554022855
1156,8,2,13,0.000815202606097145
1157,8,2,14,0.0038593544165959697
1158,8,2,15,0.012931350223044313
1159,8,2,16,0.012931335740054997
1160,8,2,17,0.003859339131256939
1161,8,2,18,0.000815202135018441
1162,8,2,2,1.903407019603887e-06
1163,8,2,3,2.571505710617608e-06
1164,8,2,4,3.557978969588287e-06
1165,8,2,5,5.061875990681406e-06
1166,8,2,6,7.442283709725653e-06
1167,8,2,7,1.1381942066013931e-05
1168,8,2,8,1.8262993338261945e-05
1169,8,2,9,3.110530524139045e-05
1170,8,3,1,1.1152885705950305e-06
1171,8,3,10,4.488423149285275e-05
1172,8,3,11,9.175742527867437e-05
1173,8,3,12,0.00021738357827023007
1174,8,3,13,0.0006608549734002599
1175,8,3,14,0.003466392211589497
1176,8,3,15,0.013194139057489968
1177,8,3,16,0.013194144302889024
1178,8,3,17,0.003466396787049328
1179,8,3,18,0.00066085457348795
1180,8,3,2,1.4765351053195624e-06
1181,8,3,3,1.995752275931079e-06
1182,8,3,4,2.7630079069685133e-06
1183,8,3,5,3.933881873180639e-06
1184,8,3,6,5.789570140067588e-06
1185,8,3,7,8.866002456304087e-06
1186,8,3,8,1.4251501118897051e-05
1187,8,3,9,2.4333714474757466e-05
1188,8,4,1,1.7337425698339132e-06
1189,8,4,10,7.974006439083532e-05
1190,8,4,11,0.000172653945364831
1191,8,4,12,0.00044311742344824276
1192,8,4,13,0.001439142562651334
1193,8,4,14,0.00558163133092466
1194,8,4,15,0.013387301352836896
1195,8,4,16,0.01338730113367279
1196,8,4,17,0.005581630731809533
1197,8,4,18,0.0014391428787207292
1198,8,4,2,2.304617438237628e-06
1199,8,4,3,3.130673171141471e-06
1200,8,4,4,4.361630958816194e-06
1201,8,4,5,6.260199294013654e-06
1202,8,4,6,9.31068267137809e-06
1203,8,4,7,1.445982436900333e-05
1204,8,4,8,2.3694745342241835e-05
1205,8,4,9,4.1568930291642907e-05
1206,8,1,1,1.2982434459698608e-06
1207,8,1,10,6.108107505275198e-05
1208,8,1,11,0.00013397660256972904
1209,8,1,12,0.00035262654426092483
1210,8,1,13,0.0012137745837961047
1211,8,1,14,0.00537740411757702
1212,8,1,15,0.014167292674277883
1213,8,1,16,0.014167292399986762
1214,8,1,17,0.005377403521106258
1215,8,1,18,0.0012137748908277429
1216,8,1,2,1.7267364818050716e-06
1217,8,1,3,2.347385472338947e-06
1218,8,1,4,3.2734213724475615e-06
1219,8,1,5,4.7040170456271306e-06
1220,8,1,6,7.007530385040755e-06
1221,8,1,7,1.0907141010854054e-05
1222,8,1,8,1.792973149499074e-05
1223,8,1,9,3.160399046162418e-05
1224,9,2,1,8.650352295067961e-07
1225,9,2,10,1.8263010972961554e-05
1226,9,2,11,3.110533497741922e-05
1227,9,2,12,5.716899553033482e-05
1228,9,2,13,0.0001162507275117662
1229,9,2,14,0.0002730974500475761
1230,9,2,15,0.000815202843462634
1231,9,2,16,0.0038593559897703356
1232,9,2,17,0.012931349666585067
1233,9,2,18,0.01293133469340688
1234,9,2,2,1.106593447275804e-06
1235,9,2,3,1.438275959651866e-06
1236,9,2,4,1.9034066417351381e-06
1237,9,2,5,2.5715082726892805e-06
1238,9,2,6,3.5579792438638854e-06
1239,9,2,7,5.061876415725218e-06
1240,9,2,8,7.4422843955522385e-06
1241,9,2,9,1.1381943227309512e-05
1242,9,3,1,6.70388974349633e-07
1243,9,3,10,1.4251514875872992e-05
1244,9,3,11,2.4333737727767217e-05
1245,9,3,12,4.488418912128731e-05
1246,9,3,13,9.175737445072414e-05
1247,9,3,14,0.000217383701444781
1248,9,3,15,0.0006608551706799304
1249,9,3,16,0.0034663938034031985
1250,9,3,17,0.013194138519539484
1251,9,3,18,0.013194143240511488
1252,9,3,2,8.578180978836377e-07
1253,9,3,3,1.1152873131283123e-06
1254,9,3,4,1.47653481175044e-06
1255,9,3,5,1.9957542641647044e-06
1256,9,3,6,2.7630081203846274e-06
1257,9,3,7,3.933882204281968e-06
1258,9,3,8,5.789570675088638e-06
1259,9,3,9,8.866003363962147e-06
1260,9,4,1,1.035839166671278e-06
1261,9,4,10,2.369476813970521e-05
1262,9,4,11,4.1568969840776284e-05
1263,9,4,12,7.973998955361028e-05
1264,9,4,13,0.00017265384898018288
1265,9,4,14,0.0004431176771008974
1266,9,4,15,0.00143914299256143
1267,9,4,16,0.005581632950807022
1268,9,4,17,0.013387300617423045
1269,9,4,18,0.01338730004433224
1270,9,4,2,1.3290868480567316e-06
1271,9,4,3,1.7337406133179987e-06
1272,9,4,4,2.3046169729728077e-06
1273,9,4,5,3.1306762870273647e-06
1274,9,4,6,4.36163130276154e-06
1275,9,4,7,6.260199833978483e-06
1276,9,4,8,9.310683557417232e-06
1277,9,4,9,1.4459825903123823e-05
1278,9,1,1,7.749698680365494e-07
1279,9,1,10,1.7929748736530557e-05
1280,9,1,11,3.1604020507540325e-05
1281,9,1,12,6.108101778828053e-05
1282,9,1,13,0.00013397652760576589
1283,9,1,14,0.00035262674725140207
1284,9,1,15,0.0012137749711727932
1285,9,1,16,0.005377405869306188
1286,9,1,17,0.0141672919704504
1287,9,1,18,0.014167291243249286
1288,9,1,2,9.947571172994113e-07
1289,9,1,3,1.2982419807208718e-06
1290,9,1,4,1.7267361324306865e-06
1291,9,1,5,2.347387808305005e-06
1292,9,1,6,3.273421631370948e-06
1293,9,1,7,4.704017452858758e-06
1294,9,1,8,7.007531054903887e-06
1295,9,1,9,1.0907142174564664e-05
