,brick row,shoe column,shoe row,results
0,17,3,11,1.8972966678370844e-07
1,17,3,17,6.476455154781977e-07
2,12,1,2,3.6027358241329385e-07
3,17,3,9,1.3527803033192755e-07
4,6,4,10,0.005409698628859894
5,13,4,14,3.275730308721559e-06
6,5,2,1,1.0865523423617498e-05
7,11,2,15,2.965218015283112e-05
8,12,3,9,1.0771392025796517e-06
9,1,3,8,2.3401267141174675e-05
10,18,1,1,5.4448386369601724e-08
11,8,1,16,0.01344902819373035
12,3,2,11,5.4437743258948495e-05
13,17,2,18,1.058158750214672e-06
14,11,1,12,9.320010259080348e-06
15,6,1,5,4.1650948439168744e-05
16,5,1,14,0.0001732513034265279
17,11,3,3,4.121458314777541e-07
18,16,3,2,6.461369072720511e-08
19,14,2,4,2.0408709787854877e-07
20,12,3,1,1.8972948164685277e-07
21,1,2,12,4.836020072155171e-06
22,9,2,12,5.443767565765959e-05
23,11,4,9,2.3487961290606057e-06
24,16,1,8,2.525507417279216e-07
25,3,4,16,4.707967223571276e-06
26,13,3,5,2.744804237192425e-07
27,5,2,5,0.0001105323453817053
28,15,1,18,4.364680595003676e-06
29,18,2,14,2.904642533026052e-07
30,15,2,1,9.478835662672244e-08
31,11,2,8,1.819644147720352e-06
32,9,1,10,2.373126434852419e-05
33,10,4,4,9.951491162388257e-07
34,9,4,13,0.00013446741671458543
35,2,2,2,0.0037560610002750215
36,8,1,1,1.7345174471841138e-06
37,18,1,15,4.3573992062839425e-07
38,9,2,3,1.375169262521573e-06
39,12,3,13,3.795142139693549e-06
40,1,2,18,8.272505224965952e-07
41,10,3,6,1.4257546346043209e-06
42,11,3,2,3.346277506064293e-07
43,12,3,14,5.582673697908086e-06
44,10,1,14,7.99464452779312e-05
45,8,2,17,0.0037560638997136348
46,9,1,1,1.0361990041651097e-06
47,15,4,13,7.752404051303264e-07
48,4,3,11,0.00020759225709677707
49,11,3,7,1.0771391655853886e-06
50,11,1,3,6.564383336898006e-07
51,17,1,12,3.6027354953080754e-07
52,14,2,10,6.559019942408244e-07
53,14,3,9,4.121462806806579e-07
54,17,3,10,1.5963924823273248e-07
55,18,2,17,5.26625699006277e-07
56,10,3,13,2.3401271013894305e-05
57,10,3,1,4.121462898397337e-07
58,14,4,8,3.977087863091144e-07
59,3,2,12,2.965216364907165e-05
60,10,4,5,1.2988265085255503e-06
61,18,4,4,5.847476377847114e-08
62,4,3,9,0.0033722931717909107
63,5,2,14,0.00011053247472938169
64,2,2,5,0.0037560627667111205
65,10,3,4,8.286065936744418e-07
66,18,3,18,5.134018304674361e-07
67,12,4,11,2.348798392033712e-06
68,11,3,5,6.476452180520532e-07
69,1,2,13,3.400127031257391e-06
70,1,3,18,6.476456026163952e-07
71,11,4,3,4.908218179855915e-07
72,12,3,6,5.134015400140392e-07
73,18,1,4,7.832649033937557e-08
74,15,4,11,4.90822826716226e-07
75,1,1,10,1.4477627722100631e-05
76,9,4,10,1.7957965614440106e-05
77,18,1,8,1.3477599864722164e-07
78,12,4,8,9.951492071166094e-07
79,6,3,9,0.00062963971351172
80,4,2,16,1.0865528356312845e-05
81,17,1,10,2.525510085571383e-07
82,16,4,3,8.724922697939888e-08
83,12,1,3,4.3573920664933894e-07
84,9,2,4,1.8196439070188592e-06
85,16,1,9,3.004560415975526e-07
86,7,3,16,0.0006296404784947084
87,5,3,2,1.372160682306006e-05
88,7,4,7,3.1668167122331066e-05
89,16,2,4,1.0926497231568992e-07
90,14,4,2,1.3610856722317622e-07
91,2,2,1,0.0007740934555517369
92,14,3,16,2.6665644856220066e-06
93,14,1,9,6.564390493686393e-07
94,1,2,1,0.013023540932034321
95,16,1,11,4.35740094079244e-07
96,17,4,4,7.601142288979428e-08
97,12,2,11,2.457935646257553e-06
98,17,2,12,2.9046408492060227e-07
99,2,1,7,0.0004451531131567775
100,7,4,16,0.001221424241208282
101,15,1,5,2.1382164595393235e-07
102,11,2,16,5.443771353121689e-05
103,1,2,2,0.013023537820534453
104,3,4,18,2.348796957724318e-06
105,18,3,17,4.121464601089172e-07
106,11,2,7,1.3751707279039447e-06
107,15,4,4,1.3610854774943685e-07
108,14,2,17,4.836021458133821e-06
109,1,3,17,8.286070624730512e-07
110,5,3,10,0.013258890125261151
111,1,3,14,1.926662300292928e-06
112,13,2,3,2.4253645190212036e-07
113,1,3,13,2.6665649206371956e-06
114,15,4,9,3.2566202253421335e-07
115,14,3,1,9.901773431686287e-08
116,13,4,18,1.7957957791538414e-05
117,8,4,16,0.014241708070104237
118,3,4,6,0.014241699718947022
119,2,4,18,1.2988272083388108e-06
120,14,3,5,1.8972946637193422e-07
121,14,1,10,8.194079064292993e-07
122,12,3,15,8.543701052669212e-06
123,16,3,16,8.286070614000787e-07
124,3,4,13,1.7957959884637342e-05
125,15,3,15,1.077139709898265e-06
126,4,2,6,0.0037560595558766624
127,17,4,5,8.724931924730401e-08
128,9,3,13,8.789200351529182e-05
129,4,4,3,0.00013446723510924174
130,14,2,1,1.2661020713653436e-07
131,1,2,6,0.00011053243298929208
132,12,2,12,3.4001244021961115e-06
133,9,3,1,6.476452887025837e-07
134,15,1,17,3.1325421149283047e-06
135,10,1,18,0.005610851462759334
136,9,2,8,7.107791500726781e-06
137,6,4,5,3.166816167224569e-05
138,5,1,10,0.013449036475880588
139,16,2,16,1.0581587742484877e-06
140,8,2,6,7.107790846351444e-06
141,12,4,2,2.6921343572512286e-07
142,10,1,6,2.305800207811954e-06
143,12,4,13,4.7079671734636945e-06
144,1,3,9,1.3721607189928285e-05
145,9,1,16,0.0056108517345294685
146,1,1,7,7.994644042625173e-05
147,8,4,18,0.0012214242015814118
148,15,3,6,1.596390795621804e-07
149,15,3,1,7.412411514065964e-08
150,17,2,6,1.0926497909596109e-07
151,10,3,3,6.476445640777519e-07
152,1,4,11,7.0146529346741075e-06
153,3,3,14,8.543701218562981e-06
154,10,1,10,9.320019379108548e-06
155,3,1,5,0.01344902259928527
156,9,3,16,0.003372292598578199
157,14,1,17,6.265400844486196e-06
158,12,2,6,6.559012965015627e-07
159,5,3,4,4.309297202363085e-05
160,2,3,5,0.003372294493329844
161,11,4,17,0.00013446744439922663
162,4,4,17,7.014646381518097e-06
163,13,3,14,2.666564251552071e-06
164,4,3,8,0.013258874322346587
165,9,1,4,2.305800052662686e-06
166,8,2,14,0.0037560607636165553
167,11,2,4,6.559012780545991e-07
168,11,2,11,4.836024156613067e-06
169,3,3,17,2.6665637927228532e-06
170,3,3,13,1.3721613028667688e-05
171,15,2,11,5.266259784009517e-07
172,13,4,15,4.707967518297802e-06
173,18,3,5,5.657969201670608e-08
174,13,3,12,1.4257546762409846e-06
175,5,2,18,1.0865528520698911e-05
176,12,3,10,1.425756113591041e-06
177,15,2,10,4.276336359389221e-07
178,3,4,11,6.124560989441453e-05
179,18,1,16,5.320320165622881e-07
180,18,3,2,3.893095655851144e-08
181,5,2,11,0.0037560693408169384
182,6,3,10,0.0033722920365115375
183,1,1,8,4.165096869763968e-05
184,14,1,3,2.1382143482450892e-07
185,14,3,10,5.134020861674477e-07
186,11,1,14,2.373125435538632e-05
187,9,2,17,0.013023546615312225
188,2,2,14,4.83602213427315e-06
189,13,3,7,4.121462588011427e-07
190,10,4,6,1.7276280684745787e-06
191,16,1,1,8.910605843711609e-08
192,14,4,5,2.2448091435647468e-07
193,6,4,3,1.0920767487222815e-05
194,7,1,6,2.3731240391651162e-05
195,3,1,12,4.165095723674706e-05
196,17,3,16,5.134018346143239e-07
197,3,3,10,8.789208614796806e-05
198,18,4,17,4.908225670005933e-07
199,8,3,18,0.0006296404566365535
200,7,1,14,0.013449028410709317
201,1,4,18,7.752404730571677e-07
202,4,4,9,0.005409694964573865
203,8,3,17,0.003372295622581462
204,2,4,5,0.005409697028053339
205,4,2,3,0.00011053226190225394
206,12,3,5,4.121462404684726e-07
207,2,3,4,0.013258879539917242
208,9,4,9,1.0920779945853726e-05
209,13,3,15,3.795142411136299e-06
210,17,4,13,3.256621787597076e-07
211,3,4,7,0.005409694964552748
212,17,3,13,2.7448056859555035e-07
213,14,2,14,1.8196450649807586e-06
214,14,1,14,2.3058015247049966e-06
215,18,4,1,4.0643036688976844e-08
216,5,3,9,0.013258878344089077
217,2,4,16,2.348797279167909e-06
218,10,3,10,5.5826763928683086e-06
219,7,3,12,0.0033722899723788377
220,12,2,10,1.819645914929654e-06
221,14,4,18,7.014647269993255e-06
222,4,1,8,0.013449020345549135
223,15,1,13,1.0361994156103152e-06
224,9,2,9,1.0865522771010293e-05
225,17,1,4,1.0180511633827571e-07
226,18,3,13,1.8972957477288232e-07
227,14,1,16,4.364681229829531e-06
228,17,2,9,1.7295506498641243e-07
229,10,3,2,5.134016048819692e-07
230,10,2,15,0.00011053243286336515
231,15,2,15,1.375171422847292e-06
232,10,4,1,4.908223641290031e-07
233,8,1,10,7.994647635464197e-05
234,9,3,14,0.0002075920258736503
235,10,1,1,6.56439064072162e-07
236,17,4,16,6.128443080953961e-07
237,8,1,4,4.3646780110592956e-06
238,18,3,6,6.461369072720386e-08
239,9,3,8,5.5826709187975456e-06
240,10,3,12,1.3721604311293331e-05
241,17,4,7,1.1670731963108204e-07
242,11,3,16,4.309301091160696e-05
243,3,1,2,0.00044515332250671794
244,16,4,4,1.0064272521936732e-07
245,11,4,15,3.166818604875089e-05
246,3,3,6,0.013258874322393553
247,17,2,2,6.363317983791346e-08
248,12,2,15,1.0865528160427963e-05
249,13,2,8,6.559013271210236e-07
250,18,1,7,1.1684875766751786e-07
251,3,2,13,1.7423960785876533e-05
252,15,3,17,1.9266617205562357e-06
253,13,3,16,5.582674129154803e-06
254,12,1,9,1.734517398944671e-06
255,11,3,9,1.92666104349084e-06
256,6,3,8,0.00020759192300972993
257,11,1,11,6.265404322155802e-06
258,6,1,14,0.001447141394635952
259,3,1,8,0.0014471398586364125
260,8,1,15,0.013449029170534721
261,17,2,1,5.618352958045132e-08
262,10,3,8,2.6665629433374215e-06
263,12,2,13,4.836021395245459e-06
264,9,1,8,9.320010259083587e-06
265,9,1,5,3.1325405611957757e-06
266,8,3,2,1.425754823474919e-06
267,8,2,1,1.3751708128242297e-06
268,17,4,10,1.886644113052312e-07
269,6,2,2,7.1077924291189915e-06
270,2,1,14,6.26540171884717e-06
271,6,3,12,0.013258876931135562
272,2,4,3,0.014241690113876935
273,14,4,17,4.70796725650978e-06
274,5,3,18,8.543701350014653e-06
275,3,2,1,0.00011053242311123496
276,4,4,6,0.005409694815404037
277,3,2,14,1.0865528356317573e-05
278,18,3,11,1.35278174641506e-07
279,14,2,9,5.266254697537277e-07
280,18,2,1,4.428375695555416e-08
281,1,1,4,0.0014471415884922715
282,1,2,8,2.9652171311779195e-05
283,17,4,15,4.908225856027098e-07
284,9,3,4,1.4257545402218644e-06
285,17,4,14,3.977089759585352e-07
286,16,1,12,5.320316592234628e-07
287,16,2,7,1.7295505304830828e-07
288,7,4,6,1.7957947490609813e-05
289,5,1,12,0.0014471407235647556
290,15,2,6,2.0408709787856118e-07
291,12,1,11,3.132544035041166e-06
292,9,4,18,0.014241706907301862
293,12,3,12,2.6665628546840076e-06
294,7,3,2,2.6665632662166346e-06
295,9,1,12,7.99464013307596e-05
296,6,2,11,0.013023553401464558
297,9,2,14,0.00025922824281611706
298,17,1,15,6.564393603421048e-07
299,10,3,16,0.00020759207122048607
300,7,1,5,1.447760569805902e-05
301,13,2,2,2.0408712093031831e-07
302,16,2,11,3.508101275969684e-07
303,9,4,17,0.014241708688382789
304,2,2,11,1.7423971391616334e-05
305,10,1,16,0.000445153290711677
306,17,4,11,2.2448115146507596e-07
307,6,1,3,1.4477591352801659e-05
308,9,1,2,1.3296085368738132e-06
309,5,4,12,0.0012214238959906605
310,7,3,18,8.789202892883969e-05
311,6,4,9,0.0012214228594673551
312,15,3,10,3.3462805270199e-07
313,1,2,7,5.443769993846469e-05
314,5,4,15,6.124558618930195e-05
315,14,2,8,4.2763322096759375e-07
316,3,2,4,0.0037560595558458225
317,2,2,10,2.9652201793195323e-05
318,17,4,17,7.752403683678058e-07
319,11,2,6,1.0581582382816272e-06
320,1,2,3,0.0037560596289226396
321,14,1,6,3.602735518789271e-07
322,7,3,10,0.00020759212873851674
323,9,1,3,1.7345154897658106e-06
324,1,4,9,1.7957952335042675e-05
325,14,1,7,4.3573966972694334e-07
326,14,1,2,1.822384954768781e-07
327,10,4,11,1.0920790545731136e-05
328,9,4,16,0.005409698482926723
329,9,4,5,2.3487957869313195e-06
330,18,3,1,3.462327272976094e-08
331,6,3,15,0.00020759212358641287
332,13,4,9,7.752400739028472e-07
333,14,1,8,5.320317089215316e-07
334,6,3,7,8.789196034298973e-05
335,18,2,16,4.2763346805570163e-07
336,3,1,13,2.3731256731588957e-05
337,6,2,12,0.013023540289314713
338,16,3,15,6.476455467702993e-07
339,15,2,7,2.4253670047280754e-07
340,8,1,18,0.0014471411035625792
341,9,1,17,0.013449028431151352
342,8,2,10,5.443772708465699e-05
343,2,2,16,2.4579344794316108e-06
344,11,2,3,5.266248957920889e-07
345,9,1,14,0.00044515318406882095
346,18,3,12,1.5963909187531514e-07
347,6,3,18,2.3401274010267416e-05
348,10,1,13,4.165097465685887e-05
349,1,1,1,0.01344902259918288
350,11,2,12,7.1077915007236135e-06
351,13,2,15,4.83602174057963e-06
352,3,3,1,8.789201159208972e-05
353,16,4,15,7.752404051303829e-07
354,12,1,13,6.265400737382452e-06
355,5,2,9,0.013023540932040186
356,6,2,16,0.00011053244963608267
357,13,4,11,1.298827929063572e-06
358,15,3,18,2.6665641019471625e-06
359,6,4,4,1.7957944865518676e-05
360,12,3,18,4.309300589313657e-05
361,8,4,6,7.014642896533232e-06
362,10,3,18,0.0033722924492744976
363,3,1,9,0.0004451529792623353
364,8,3,16,0.013258882087896367
365,2,1,4,0.013449024585173658
366,16,3,17,1.0771395497742464e-06
367,1,3,10,8.543708434065169e-06
368,10,1,12,2.3731241516006853e-05
369,1,4,16,1.2988274146771072e-06
370,11,3,12,5.5826709187953975e-06
371,9,2,11,2.9652192412485345e-05
372,6,2,5,2.965215788956034e-05
373,8,3,12,0.00020759190828697327
374,8,1,7,1.4477606323036506e-05
375,7,2,9,0.00011053238424640571
376,5,4,6,0.0003543918912208076
377,13,1,7,6.564390141795567e-07
378,1,1,11,9.320022691703465e-06
379,14,4,12,9.95149207116506e-07
380,4,2,1,2.9652170234116947e-05
381,16,4,9,2.244809143564881e-07
382,16,3,4,8.54484690301543e-08
383,10,4,10,7.014650429497114e-06
384,2,1,17,2.3058012301976594e-06
385,4,2,12,0.00011053239412498463
386,5,4,7,0.0012214226465977883
387,17,1,1,6.912859197506915e-08
388,15,1,10,5.320322248068483e-07
389,9,4,7,4.707964823893178e-06
390,1,4,1,0.014241702484282524
391,13,1,13,3.1325423327743e-06
392,5,1,3,4.165091016936517e-05
393,16,1,4,1.347759807746786e-07
394,7,2,12,0.0037560595558395666
395,2,3,7,0.0002075919900760084
396,12,4,9,1.2988266355759967e-06
397,11,4,6,9.951491747619022e-07
398,7,3,8,4.3092984930161884e-05
399,10,1,4,1.3296083027485442e-06
400,15,2,13,8.27250452003688e-07
401,10,2,4,1.0581581769900968e-06
402,7,2,18,0.00011053244456935635
403,7,2,5,1.0865521208930782e-05
404,2,1,12,1.4477608479241264e-05
405,16,2,5,1.2661018979680508e-07
406,2,2,6,0.0007740937665325812
407,10,4,17,0.001221423596829621
408,10,2,17,0.0007740937813560752
409,15,1,11,6.564396828339065e-07
410,15,1,15,1.7345182145069315e-06
411,14,3,13,1.0771397098981672e-06
412,4,3,12,8.789198880314375e-05
413,1,1,17,1.3296090570258833e-06
414,12,4,10,1.7276298603003006e-06
415,15,4,5,1.597135832749097e-07
416,13,1,17,1.4477613948873822e-05
417,6,3,3,8.543687108847925e-06
418,14,2,7,3.508097857302633e-07
419,17,3,7,9.901772711201709e-08
420,14,3,4,1.596390795621803e-07
421,16,2,12,4.276331813651559e-07
422,18,3,16,3.346279213595773e-07
423,10,4,14,6.124556566939815e-05
424,9,4,6,3.2757284458654445e-06
425,10,1,7,3.1325407886664064e-06
426,8,4,5,4.707964416154232e-06
427,3,3,11,4.309303456738093e-05
428,10,3,17,0.0006296400855441114
429,13,3,2,1.596390976010296e-07
430,5,4,16,3.166819011703711e-05
431,16,2,3,9.4788249994209e-08
432,4,3,18,3.79514218064391e-06
433,1,3,12,3.795141107737485e-06
434,13,2,16,7.107795587356895e-06
435,10,1,9,6.265398150606589e-06
436,3,3,15,5.582673779142841e-06
437,11,2,5,8.272500321137596e-07
438,16,2,18,1.8196448213454463e-06
439,17,1,5,1.1684874975602266e-07
440,8,3,1,1.0771392321745212e-06
441,15,4,18,3.275730127432285e-06
442,6,2,14,0.0007740943274259222
443,5,2,13,0.000259228435959581
444,16,1,3,1.168486261858577e-07
445,15,3,4,1.1538696575400405e-07
446,18,4,14,2.692135673215933e-07
447,4,1,17,9.32001399667645e-06
448,13,3,18,1.372161147938609e-05
449,2,1,5,0.005610849951952624
450,13,4,16,7.014647612596423e-06
451,11,1,16,7.994645816464054e-05
452,11,3,11,3.795144307028067e-06
453,18,3,10,1.1538709646215655e-07
454,5,4,8,0.005409694815417062
455,4,4,5,0.0012214226465905684
456,13,3,10,8.286074975768927e-07
457,15,4,8,2.692134128884806e-07
458,3,1,1,0.00017325122169916909
459,1,3,11,5.582678319472126e-06
460,14,2,13,1.3751714228470847e-06
461,17,4,2,5.847476698685927e-08
462,6,1,6,7.994639314271938e-05
463,2,2,12,1.086552322376879e-05
464,13,1,11,1.7345191265475386e-06
465,11,3,13,8.543700537783101e-06
466,7,1,10,0.0004451534054496811
467,6,4,7,0.00013446735046953638
468,4,1,9,0.005610847887722779
469,18,2,6,8.262984880535127e-08
470,15,4,3,1.1670719624918739e-07
471,14,3,3,1.352778873681734e-07
472,11,4,1,3.256620436775684e-07
473,18,3,7,7.412411514065762e-08
474,1,1,3,0.005610844756158851
475,9,4,1,7.752400974503595e-07
476,6,3,4,1.3721601800806453e-05
477,2,2,15,3.4001264354843e-06
478,6,3,11,0.013258890994548531
479,14,1,12,1.329608423956848e-06
480,1,1,5,0.00044515340602244554
481,7,3,6,1.3721603683040508e-05
482,15,2,8,2.9046408678455216e-07
483,5,2,7,0.0007740932029237555
484,7,4,13,0.014241708194799455
485,7,1,17,0.0004451533037665405
486,1,2,11,7.107800909430997e-06
487,6,1,2,9.320011515294347e-06
488,12,3,17,2.340127197472663e-05
489,15,3,13,6.476455467702489e-07
490,7,2,1,2.4579333722263646e-06
491,13,1,14,4.3646808369750224e-06
492,18,4,2,4.571593306586352e-08
493,1,3,2,0.013258874322176142
494,15,3,7,1.8972946637192572e-07
495,12,1,5,6.564389847496352e-07
496,8,4,8,1.7957948346703397e-05
497,16,4,6,1.361085477494397e-07
498,16,2,9,2.425367004728096e-07
499,17,4,12,2.6921341113049607e-07
500,11,3,6,8.286066417165757e-07
501,8,4,15,0.014241709396455594
502,18,3,3,4.392930210991452e-08
503,5,1,8,0.005610848025456238
504,12,2,14,7.1077950393297205e-06
505,1,4,4,0.001221424676096935
506,5,1,13,0.0004451535541894165
507,11,1,1,4.357396979907465e-07
508,7,1,1,3.132541144905187e-06
509,12,1,7,1.0361989212888727e-06
510,11,4,10,3.2757319490630984e-06
511,17,2,13,3.508099541935352e-07
512,5,4,17,1.795795799722969e-05
513,18,4,18,6.128443036805368e-07
514,12,2,17,2.9652177513101373e-05
515,13,1,16,9.320015631796986e-06
516,7,1,7,4.1650955524305414e-05
517,15,2,17,2.4579341375070782e-06
518,1,2,14,2.457934873895825e-06
519,10,2,1,5.266254814501026e-07
520,4,1,5,0.0014471394327005263
521,9,4,11,3.166819890146852e-05
522,6,2,6,5.443767058335359e-05
523,1,3,3,0.003372291768430959
524,17,2,11,2.425369566658335e-07
525,4,2,18,4.836021440941494e-06
526,16,4,11,3.256623396598793e-07
527,10,4,2,6.128440344765198e-07
528,15,4,6,1.8866421197542718e-07
529,5,3,3,2.340123476707354e-05
530,8,3,15,0.01325888466929498
531,6,3,2,5.582671649622659e-06
532,4,4,13,6.124558618938101e-05
533,8,4,7,1.0920778779998675e-05
534,3,3,18,1.926661728619096e-06
535,10,2,18,0.0037560621756252783
536,4,2,14,2.9652183571487353e-05
537,12,2,5,5.266254184072709e-07
538,6,4,13,0.0054097009087292714
539,7,4,8,6.124553834312584e-05
540,6,2,17,5.443770603495693e-05
541,1,3,15,1.4257556447814224e-06
542,4,4,8,0.014241699718969894
543,18,4,8,1.0064273857264376e-07
544,11,4,7,1.2988265901562685e-06
545,17,2,16,6.559016728534378e-07
546,17,1,18,1.3296090244393874e-06
547,14,4,6,2.6921341288847134e-07
548,9,3,6,2.6665627376496233e-06
549,6,1,18,4.165098047427404e-05
550,6,1,4,2.37312369523812e-05
551,7,3,9,8.789198046769234e-05
552,5,2,17,1.7423958930889263e-05
553,15,3,8,2.2724175506613e-07
554,17,1,16,8.194075051539007e-07
555,17,2,4,8.262984343191166e-08
556,17,3,2,4.975560485682549e-08
557,11,3,18,0.00020759205966668973
558,4,2,7,0.013023540932033131
559,14,4,10,6.128446081928333e-07
560,8,1,5,6.2653970695529e-06
561,11,3,14,1.3721611720635312e-05
562,2,4,4,0.01424170452567024
563,17,4,6,1.00642731493095e-07
564,2,4,10,3.166820966716179e-05
565,4,2,10,0.0007740948883191859
566,13,4,8,6.128439851023345e-07
567,13,4,5,3.2566200688042096e-07
568,4,2,8,0.0130235378205812
569,17,2,7,1.266101979273134e-07
570,15,3,9,2.744804367952432e-07
571,8,4,9,3.166816879669681e-05
572,11,4,2,3.9770881341382855e-07
573,16,4,7,1.5971358327491335e-07
574,7,2,13,0.013023545932418513
575,13,2,11,1.3751721461138024e-06
576,14,2,15,2.4579345092413412e-06
577,14,1,11,1.0362000242301685e-06
578,9,2,5,2.457932923687388e-06
579,2,3,9,4.309298415460016e-05
580,12,4,18,6.124556840481852e-05
581,10,1,2,8.19407139213428e-07
582,14,2,2,1.4753298558994955e-07
583,3,2,16,4.836021443606459e-06
584,11,2,9,2.4579332736096046e-06
585,3,2,15,7.107795133688121e-06
586,9,4,3,1.298825205829314e-06
587,17,3,5,7.412411014220766e-08
588,6,2,10,0.0037560619713979835
589,11,1,17,0.00017325123024407825
590,7,4,3,4.707960015238011e-06
591,2,2,17,1.8196448325803947e-06
592,5,4,18,1.0920785781672625e-05
593,12,2,16,1.742396034741734e-05
594,8,2,11,0.00011053247461143456
595,18,4,15,3.256622100672736e-07
596,10,2,6,1.8196440273260226e-06
597,15,3,11,4.121466787315732e-07
598,8,1,3,3.132537443504364e-06
599,11,4,14,1.795795806487785e-05
600,13,3,8,5.134015639972791e-07
601,6,3,16,8.789203291279356e-05
602,12,2,8,1.058158272110389e-06
603,1,1,12,6.265399069603374e-06
604,6,1,8,0.0004451529626901158
605,5,1,9,0.013449022599243148
606,18,1,9,1.562761299616288e-07
607,16,3,3,7.412403175300317e-08
608,2,3,10,2.34012911904252e-05
609,5,3,6,0.00020759189356571092
610,9,1,18,0.013449027099452919
611,2,1,11,2.3731271226673472e-05
612,1,3,5,0.0002075921126555894
613,8,4,3,2.3487934496016307e-06
614,11,1,5,1.036198889866613e-06
615,8,2,2,1.8196442680714688e-06
616,8,2,8,1.742394975098766e-05
617,8,1,14,0.005610850107327663
618,10,1,17,0.0014471405228687801
619,15,1,4,1.8223846941926635e-07
620,3,4,2,0.00035439224272552786
621,4,3,16,8.543701218560344e-06
622,5,1,17,2.3731254233282186e-05
623,1,4,3,0.005409692182912344
624,8,3,10,4.3093021577099566e-05
625,9,4,14,0.00035439212233126223
626,8,4,1,1.29882667175746e-06
627,18,4,11,1.5971376475266576e-07
628,15,2,14,1.0581587742483944e-06
629,8,2,15,0.013023547166765268
630,5,3,15,4.3093017448573804e-05
631,13,4,7,4.908223267785731e-07
632,14,4,11,7.752408605434197e-07
633,14,2,16,3.400126481295867e-06
634,16,3,13,4.12146439493898e-07
635,8,2,5,4.836018573462492e-06
636,13,1,8,8.194070732874296e-07
637,4,4,1,3.166817592116129e-05
638,10,2,11,1.08655333515655e-05
639,2,3,2,0.003372291293997944
640,12,4,7,7.75240035357491e-07
641,6,4,14,0.0012214244540744753
642,8,3,3,1.92665884930207e-06
643,10,2,13,2.9652176319906727e-05
644,15,1,2,1.3477599864722892e-07
645,7,1,3,6.265391210050675e-06
646,1,1,9,2.3731246738408175e-05
647,12,3,4,3.3462769699148884e-07
648,18,2,15,3.508099875977042e-07
649,7,3,5,8.543695583659739e-06
650,16,1,15,1.0361994156103891e-06
651,12,4,12,3.2757285938023275e-06
652,11,2,14,1.742395915736476e-05
653,4,1,16,1.4477615313838493e-05
654,1,3,16,1.0771398482136907e-06
655,3,4,5,0.01424170248443795
656,9,2,1,8.272501222799348e-07
657,7,1,16,0.0014471411481313946
658,4,3,13,4.3093017448614374e-05
659,2,1,9,7.994640767392871e-05
660,16,3,14,5.134017866478285e-07
661,1,1,13,4.364681953897964e-06
662,12,2,1,2.425367199900577e-07
663,2,2,9,5.443767964109214e-05
664,13,3,11,1.0771402764063012e-06
665,3,4,17,3.2757297397966885e-06
666,2,3,14,3.7951427250635454e-06
667,12,4,5,4.908223047507145e-07
668,9,2,13,0.00011053241343923309
669,5,3,12,0.0006296402894430369
670,11,3,8,1.4257547290569784e-06
671,14,4,3,1.597134255797517e-07
672,2,4,8,0.0001344673840203738
673,14,1,18,9.320015174811972e-06
674,1,1,2,0.013449020345615141
675,11,4,4,6.128439387251775e-07
676,12,2,7,8.272500568707166e-07
677,11,2,13,1.0865527507827028e-05
678,14,4,14,1.7276290553541623e-06
679,4,1,12,0.00017325117315612816
680,6,3,5,2.3401256456251158e-05
681,13,4,2,1.886642334248002e-07
682,5,1,7,0.0014471394327086656
683,3,3,12,2.340126106687737e-05
684,15,2,2,1.092649867417152e-07
685,17,3,8,1.1538697343382654e-07
686,4,4,2,6.124555834906387e-05
687,16,1,13,6.564393014822652e-07
688,7,2,15,0.003756065331576114
689,6,1,17,7.994644735368813e-05
690,1,3,1,0.013258878344170525
691,9,3,18,0.013258881021768932
692,2,1,2,0.005610850089672049
693,8,3,7,8.54369594202086e-06
694,6,4,15,0.00035439231327773
695,3,1,15,9.32001502580616e-06
696,1,2,4,0.0007740944186731473
697,2,2,18,1.3751713818232167e-06
698,16,1,6,1.8223846941926998e-07
699,9,4,4,1.7276279519702047e-06
700,15,1,1,1.1684875766752347e-07
701,6,4,1,4.707965404051327e-06
702,4,4,4,0.0003543918912195609
703,13,2,13,2.4579343120091727e-06
704,18,4,16,3.977090163006295e-07
705,3,3,9,0.0002075919311887722
706,17,2,3,7.235821436514043e-08
707,17,3,18,8.286070426098982e-07
708,4,1,4,0.0004451528957405041
709,14,2,11,8.272509373027594e-07
710,8,3,11,8.789205218768299e-05
711,18,1,10,1.8223867592085968e-07
712,11,1,4,8.194070113571722e-07
713,14,3,11,6.476459267388087e-07
714,7,1,12,0.005610848025464841
715,3,4,1,0.00013446743874333538
716,7,1,15,0.005610852707922498
717,9,4,15,0.0012214234882911245
718,12,2,3,3.5080941292944315e-07
719,15,4,10,3.977091719117268e-07
720,18,4,6,7.601142785541935e-08
721,13,1,3,3.004557337221102e-07
722,12,1,17,4.1650976830267386e-05
723,11,3,17,8.78920185809545e-05
724,5,1,18,1.4477615586087297e-05
725,1,2,17,1.0581587745100615e-06
726,16,3,18,1.42575525672748e-06
727,9,4,12,6.124553196573112e-05
728,16,3,1,5.6579692016705424e-08
729,1,3,7,4.3093000329748214e-05
730,6,1,12,0.013449022465364257
731,8,2,4,3.400123991327132e-06
732,4,1,7,0.013449022599266714
733,16,2,2,8.262984880535592e-08
734,5,2,12,0.0007740939662991182
735,12,4,15,1.0920785355531822e-05
736,7,3,15,0.003372297061762298
737,13,4,17,1.0920784540118958e-05
738,15,1,6,2.5255074172791477e-07
739,1,4,12,4.707965924797439e-06
740,16,2,17,1.3751712184445898e-06
741,6,4,17,6.124556750837847e-05
742,13,4,6,3.977087661380708e-07
743,16,4,1,6.65258681664183e-08
744,8,1,8,2.3731241517150314e-05
745,18,2,8,1.092649867417121e-07
746,10,2,14,5.4437705421162944e-05
747,11,1,7,1.7345173384192973e-06
748,10,4,9,4.70796523147788e-06
749,3,2,2,0.0002592283023048446
750,16,1,16,1.329609053968118e-06
751,18,1,11,2.138218889016738e-07
752,15,1,16,2.305801524705306e-06
753,11,3,1,2.744804544742741e-07
754,6,4,18,3.1668186159090485e-05
755,10,2,12,1.7423949750196575e-05
756,18,3,14,2.2724188534517593e-07
757,15,1,7,3.0045604159754364e-07
758,18,2,2,4.9792148256559564e-08
759,17,1,6,1.3477598917202143e-07
760,5,2,15,5.4437721598710304e-05
761,18,3,9,9.901773431686041e-08
762,1,1,14,3.132543065030032e-06
763,9,3,10,1.3721617559350249e-05
764,10,4,12,1.7957948345829506e-05
765,18,1,6,1.0180512298565805e-07
766,14,3,18,5.582673848320611e-06
767,11,3,10,2.666565587993206e-06
768,13,2,6,4.2763319950722205e-07
769,15,3,12,5.134015400140054e-07
770,16,3,10,2.272419773595731e-07
771,6,1,9,0.0014471396792113322
772,7,3,3,3.795136363913415e-06
773,6,1,10,0.005610852189195387
774,11,2,18,0.00025922828443545416
775,17,4,9,1.597135943616305e-07
776,17,4,18,9.95149656523428e-07
777,5,2,8,0.0037560595558796734
778,12,3,8,8.286066682350491e-07
779,3,3,2,0.00020759207503455714
780,6,2,15,0.0002592283603240438
781,3,1,6,0.013449020345536904
782,13,1,12,2.305800276080908e-06
783,17,3,15,4.1214647615929717e-07
784,10,2,16,0.00025922829889673887
785,2,4,11,1.795797085853418e-05
786,1,4,8,3.166817726428521e-05
787,14,3,2,1.1538698217482018e-07
788,4,3,14,2.3401276805788104e-05
789,13,2,14,3.400126183409416e-06
790,8,2,13,0.0007740935008823292
791,16,2,13,5.266256727308899e-07
792,2,1,6,0.0014471403516355262
793,13,2,7,5.266254418179099e-07
794,18,4,5,6.652586816641492e-08
795,17,3,4,6.461368652413717e-08
796,13,3,1,1.3527803567527287e-07
797,7,2,3,4.836014034895958e-06
798,5,4,14,0.00013446750296832632
799,16,3,9,1.897294663719319e-07
800,8,1,13,0.0014471399805112346
801,10,2,8,3.400124515083122e-06
802,16,3,11,2.744807042658728e-07
803,1,1,15,2.305801846832659e-06
804,10,2,2,6.559013793127659e-07
805,4,1,1,4.1650966985355506e-05
806,10,4,13,3.166818164756391e-05
807,2,3,1,0.0006296398170041461
808,18,1,14,3.602737585339949e-07
809,6,4,16,0.00013446746783347683
810,9,2,7,4.836018979213497e-06
811,17,1,9,2.1382166078751978e-07
812,18,1,18,8.194074991662063e-07
813,11,1,13,1.4477614120632632e-05
814,3,2,6,0.013023537820592648
815,12,1,6,8.194070346745526e-07
816,12,2,2,2.9046411122728377e-07
817,5,2,6,0.0002592280778823455
818,9,3,12,4.3092980886319834e-05
819,8,4,10,6.124558937862015e-05
820,2,1,16,3.1325425506337963e-06
821,15,3,16,1.4257554477320605e-06
822,2,3,15,2.6665644524970485e-06
823,16,3,7,1.352780209910711e-07
824,9,3,7,3.7951402438028524e-06
825,7,4,5,1.0920778306583366e-05
826,18,1,17,6.564393353823519e-07
827,3,1,16,6.265400803707256e-06
828,18,4,3,5.160546422123742e-08
829,5,3,11,0.003372300951667436
830,17,4,8,1.361085568530721e-07
831,13,2,18,1.7423958848335477e-05
832,18,2,4,6.363317635874617e-08
833,2,1,1,0.0014471399257318094
834,10,1,3,1.0361978440539237e-06
835,6,1,1,6.265398379598468e-06
836,13,3,9,6.476452693022773e-07
837,3,4,4,0.005409694815394288
838,7,1,9,0.00017325115461412795
839,12,1,10,2.305802599341375e-06
840,6,2,13,0.0037560660537654675
841,8,4,14,0.005409696722134556
842,2,1,8,0.00017325115195096112
843,12,4,4,3.9770874911891484e-07
844,2,4,2,0.005409696878930191
845,5,3,7,0.0006296396100278224
846,10,4,7,2.3487959579325044e-06
847,4,4,7,0.014241702484379486
848,13,2,4,2.904640736312057e-07
849,6,1,13,0.005610853740037537
850,3,1,14,1.4477615313844067e-05
851,6,1,15,0.000445153407755503
852,12,1,14,9.320014894079692e-06
853,16,1,17,1.7345179562342542e-06
854,18,4,12,1.8866422661916277e-07
855,7,2,16,0.0007740942011183959
856,17,4,3,6.652579736279333e-08
857,15,2,9,3.5080978573027164e-07
858,5,1,4,7.99463837562924e-05
859,1,4,17,9.951496810593204e-07
860,18,2,3,5.618347013717129e-08
861,4,2,15,1.742396078586514e-05
862,11,4,13,1.0920784663086753e-05
863,17,1,11,3.0045635895684193e-07
864,3,4,8,0.0012214231158830745
865,5,1,1,1.4477608771844347e-05
866,17,4,1,5.1605518820240234e-08
867,15,3,2,8.544848031528462e-08
868,7,2,10,0.0002592283711756307
869,1,4,6,0.0001344674542896585
870,2,3,18,1.0771396788367842e-06
871,12,1,1,3.004560659339548e-07
872,4,2,13,5.443772159877448e-05
873,4,4,11,0.0003543925510733622
874,1,2,10,1.0865537522486069e-05
875,16,2,8,2.0408709787857164e-07
876,3,1,3,0.0014471385835762034
877,6,4,6,6.124552558846586e-05
878,5,2,16,2.965218357146635e-05
879,5,4,4,6.124551833730542e-05
880,17,3,1,4.392934858799242e-08
881,18,1,3,6.912851883643702e-08
882,7,4,9,0.00013446738560429587
883,15,1,14,1.3296090539680054e-06
884,15,3,5,1.352780209910754e-07
885,14,3,8,3.3462772800002164e-07
886,5,1,15,7.994647149772182e-05
887,5,2,3,2.965213038925601e-05
888,11,4,18,0.0003543921911237389
889,10,4,18,0.005409698231492305
890,11,3,4,5.134015255627111e-07
891,3,3,7,0.0033722931717993414
892,5,3,16,2.3401276805775612e-05
893,5,4,5,0.00013446733246537396
894,17,2,8,1.4753297441815977e-07
895,7,2,11,0.0007740941249252386
896,4,1,15,2.3731256731575395e-05
897,8,2,3,2.457930474694371e-06
898,12,3,3,2.744801451075684e-07
899,13,3,17,8.54370040213797e-06
900,12,1,15,1.4477615032547037e-05
901,15,4,12,6.128439561898607e-07
902,12,1,12,4.3646785517880495e-06
903,14,4,7,3.2566202253420065e-07
904,2,4,14,4.7079679132387214e-06
905,13,1,10,1.329609753747796e-06
906,4,4,16,1.0920785570644382e-05
907,8,2,12,0.00025922809616925904
908,9,3,17,0.013258884134234828
909,18,2,7,9.478835662671998e-08
910,2,3,3,0.01325886775871719
911,4,3,6,0.0033722899723996414
912,11,2,10,3.4001278876002684e-06
913,8,4,12,0.00035439191828454233
914,1,4,2,0.014241699719017054
915,7,3,17,0.000207592076087595
916,4,3,5,0.0006296396100219046
917,2,4,15,3.2757305579279966e-06
918,9,3,5,1.9266607688042757e-06
919,7,4,4,7.014642617948073e-06
920,2,3,6,0.0006296401202921753
921,13,2,12,1.8196440804079926e-06
922,16,4,2,7.601142785542361e-08
923,14,4,9,4.90822353123674e-07
924,2,4,17,1.727628834609034e-06
925,12,1,4,5.32031659223442e-07
926,8,4,17,0.005409698284365354
927,10,3,11,8.54370513321121e-06
928,3,2,18,2.457934145379916e-06
929,8,3,8,1.372160431192689e-05
930,7,1,11,0.0014471411467592457
931,16,2,1,7.235829137327567e-08
932,13,2,1,1.7295507181506176e-07
933,4,4,12,0.00013446740115142364
934,2,1,15,4.364681168188962e-06
935,14,4,15,2.3487973089008477e-06
936,13,2,10,1.058159331268395e-06
937,11,1,2,5.32031745143481e-07
938,4,1,18,6.265400813268666e-06
939,4,2,11,0.0002592285265018532
940,6,3,13,0.0033722977225225954
941,7,3,7,2.3401260170553055e-05
942,16,2,15,8.27250452003774e-07
943,2,3,11,1.3721621382912592e-05
944,9,3,9,8.54369681526585e-06
945,9,2,10,1.7423966577246643e-05
946,13,1,6,5.320316819691604e-07
947,17,2,5,9.478835023679628e-08
948,9,2,16,0.0037560623449070297
949,1,4,10,1.0920794951305235e-05
950,17,1,13,4.3573987878226525e-07
951,17,1,2,7.832649463535675e-08
952,7,2,17,0.0002592283011131241
953,14,2,5,2.4253670047278525e-07
954,12,4,16,1.7957959377430364e-05
955,6,2,7,0.00011053235915313549
956,12,4,6,6.128439561898683e-07
957,17,3,12,2.272417536062675e-07
958,2,3,17,1.425755267053159e-06
959,13,1,15,6.265401194953348e-06
960,9,1,11,4.165099733669416e-05
961,11,2,17,0.0001105324321528306
962,12,3,7,6.47645237452253e-07
963,14,1,5,3.004560415975341e-07
964,17,1,17,1.0361993663631658e-06
965,15,1,3,1.562759533228366e-07
966,6,4,2,7.014644516860543e-06
967,1,1,16,1.7345184391767548e-06
968,18,2,5,7.235829137327018e-08
969,18,3,15,2.744805947475851e-07
970,5,3,14,8.789205303756016e-05
971,4,3,17,5.582673159257242e-06
972,9,1,6,4.364678355361334e-06
973,18,2,12,2.040871136132619e-07
974,14,1,15,3.132542589972427e-06
975,17,1,7,1.5627611853697722e-07
976,3,4,9,0.00035439196722583286
977,7,2,7,2.9652162571306494e-05
978,18,3,4,4.9755602135811196e-08
979,6,4,8,0.00035439194535020845
980,6,2,4,1.7423946574417087e-05
981,4,4,14,3.166819011706144e-05
982,4,4,18,4.70796723205883e-06
983,1,4,13,3.2757311496769666e-06
984,18,4,7,8.724932515783231e-08
985,10,3,7,1.926660906096006e-06
986,16,2,6,1.475329646020836e-07
987,11,1,8,2.305800363075033e-06
988,3,3,16,3.7951421821788317e-06
989,8,4,4,3.2757281866706e-06
990,7,2,6,1.742394895451445e-05
991,4,3,15,1.3721613028660705e-05
992,15,2,5,1.729550530482953e-07
993,13,1,4,3.602735354377001e-07
994,9,2,15,0.0007740937270729463
995,1,3,6,8.789201992714966e-05
996,7,4,10,0.00035439229931471725
997,17,1,3,8.910596360174097e-08
998,7,4,14,0.01424170830748429
999,14,4,4,1.8866421197542194e-07
1000,9,2,18,0.013023544400168497
1001,15,1,9,4.3573966972696113e-07
1002,5,4,9,0.01424170248434512
1003,2,4,1,0.0012214230723393573
1004,6,1,16,0.00017325125928165477
1005,4,1,10,0.0014471424376358304
1006,15,2,3,1.266100640726149e-07
1007,16,1,18,2.30580121352829e-06
1008,11,4,8,1.7276281850647113e-06
1009,17,1,14,5.320319626575325e-07
1010,10,1,11,1.4477621917645311e-05
1011,7,4,18,0.00013446746291129145
1012,3,4,12,3.166816846557626e-05
1013,7,4,12,0.005409694815412201
1014,13,3,3,1.8972927192476973e-07
1015,2,4,7,0.00035439207548203445
1016,5,4,1,1.0920780638304189e-05
1017,4,3,4,0.00020759189356505168
1018,2,3,16,1.926661990582627e-06
1019,5,2,10,0.013023553410685689
1020,16,4,8,1.8866421197543208e-07
1021,7,2,8,5.443768073207899e-05
1022,16,3,12,3.3462769699148127e-07
1023,13,4,13,2.3487971154849277e-06
1024,5,2,2,1.7423952927570168e-05
1025,12,4,17,3.1668183360931814e-05
1026,3,4,10,0.00013446755164692024
1027,10,1,15,0.0001732512292547813
1028,13,1,2,2.525507704202239e-07
1029,1,4,5,0.000354392318726089
1030,8,1,9,4.165095771225553e-05
1031,9,3,3,1.0771380177702369e-06
1032,15,4,16,1.7276290553543846e-06
1033,6,2,8,0.0002592281144577658
1034,12,3,2,2.2724177419844875e-07
1035,14,4,16,3.2757306045961637e-06
1036,9,1,15,0.0014471404129800824
1037,7,3,14,0.013258882223848748
1038,15,1,12,8.194070346745463e-07
1039,2,2,4,0.013023542757924032
1040,2,1,13,9.320016501237067e-06
1041,9,2,2,1.0581583608210928e-06
1042,18,1,13,3.004562133401532e-07
1043,5,4,3,3.1668132618160305e-05
1044,9,1,9,1.4477607859922245e-05
1045,7,1,4,9.320009002876632e-06
1046,13,1,9,1.0361989727427657e-06
1047,6,3,1,3.795140698583407e-06
1048,3,2,9,0.000259228120996217
1049,2,2,3,0.013023530279279811
1050,7,4,15,0.005409699876992603
1051,14,3,6,2.2724175506613183e-07
1052,18,4,10,1.3610870198580912e-07
1053,4,1,14,4.165098564472433e-05
1054,16,4,10,2.692136760814546e-07
1055,11,4,12,7.014643567400338e-06
1056,1,4,15,1.7276292972200419e-06
1057,5,4,2,1.795795182790244e-05
1058,4,2,4,0.00025922807788143813
1059,9,4,8,7.014643567402721e-06
1060,13,1,5,4.3573964880388467e-07
1061,12,4,3,3.256616764382874e-07
1062,8,3,9,2.340126135057463e-05
1063,10,4,15,0.00013446744327252091
1064,8,4,13,0.0012214230982331136
1065,7,4,11,0.0012214241171296914
1066,16,1,5,1.5627610845762568e-07
1067,3,1,4,0.005610848025471313
1068,7,3,13,0.013258883364891194
1069,1,3,4,0.0006296406655527558
1070,15,3,14,8.286070614000344e-07
1071,17,2,10,2.0408731351234624e-07
1072,8,4,2,1.7276283016124144e-06
1073,15,2,18,3.400125992478131e-06
1074,18,2,9,1.2661020713653065e-07
1075,1,4,7,6.124556248416558e-05
1076,11,1,10,4.364683022839732e-06
1077,13,4,3,2.244806843373565e-07
1078,14,4,13,1.2988272461383822e-06
1079,18,1,12,2.5255076131607694e-07
1080,5,3,5,8.789194934345108e-05
1081,17,2,17,8.272504119834734e-07
1082,15,4,1,8.724932515783632e-08
1083,14,2,6,2.9046408678453305e-07
1084,10,2,5,1.3751706429533083e-06
1085,7,1,18,0.0001732512526131214
1086,17,3,14,3.346278877509207e-07
1087,4,4,15,1.795795988462685e-05
1088,16,2,14,6.559016116145533e-07
1089,3,1,10,0.00017325136661272623
1090,4,3,2,4.309299783677803e-05
1091,18,1,5,8.910605843711137e-08
1092,2,3,12,8.543697182989521e-06
1093,13,3,4,2.2724174477005326e-07
1094,11,2,1,3.508098083133346e-07
1095,18,2,18,6.559016675168138e-07
1096,15,2,12,6.559012965015333e-07
1097,5,1,16,4.165098564469227e-05
1098,17,2,15,5.266257195521138e-07
1099,14,1,4,2.525507417279076e-07
1100,8,1,6,9.320009371736144e-06
1101,6,2,3,1.0865510430089646e-05
1102,7,3,11,0.0006296403642320281
1103,15,2,16,1.819645064981025e-06
1104,11,1,18,0.0004451532665893372
1105,5,1,11,0.005610857528143208
1106,7,1,13,0.01344902811065504
1107,8,1,12,0.0004451529292150793
1108,10,3,14,4.309300445566334e-05
1109,3,2,8,0.000774093513926677
1110,2,2,8,0.0001105323828029557
1111,8,4,11,0.0001344674919623521
1112,7,4,17,0.00035439223010608455
1113,5,4,13,0.00035439243490080393
1114,10,4,16,0.0003543922101673095
1115,9,3,2,8.28606737765635e-07
1116,10,1,5,1.7345172296152708e-06
1117,3,4,3,0.0012214219561677417
1118,11,1,6,1.3296083808090252e-06
1119,5,1,5,0.00017325108752919374
1120,14,2,18,7.107795229126495e-06
1121,3,1,17,4.364680079330818e-06
1122,12,1,16,2.3731256075028333e-05
1123,3,1,18,3.1325421222647094e-06
1124,3,1,11,7.994650256915916e-05
1125,6,1,7,0.00017325111046924494
1126,13,4,4,2.692134005911691e-07
1127,4,4,10,0.001221425366542961
1128,10,4,8,3.2757287049632994e-06
1129,16,1,7,2.1382164595393722e-07
1130,14,2,3,1.7295488220459816e-07
1131,2,3,8,8.789197967782704e-05
1132,2,1,10,4.1651011343434186e-05
1133,8,2,7,1.0865521663673418e-05
1134,16,4,14,6.128442502704588e-07
1135,10,2,7,2.457933098584713e-06
1136,7,2,14,0.01302354561568329
1137,15,1,8,3.6027355187894004e-07
1138,7,2,2,3.4001249260503708e-06
1139,9,3,15,0.0006296400388672019
1140,13,2,17,1.0865527332031903e-05
1141,8,3,5,3.7951399247457412e-06
1142,14,3,15,1.9266620119975423e-06
1143,14,4,1,1.1670732816828442e-07
1144,9,1,7,6.265397610181762e-06
1145,3,1,7,0.005610847887704429
1146,16,4,13,4.908225415469861e-07
1147,15,4,15,1.2988272461385205e-06
1148,17,2,14,4.276334251349493e-07
1149,7,1,2,4.364679240394211e-06
1150,6,3,6,4.309297684258642e-05
1151,4,3,1,2.3401266244918184e-05
1152,8,1,17,0.0056108512053302485
1153,8,3,4,2.6665625318840493e-06
1154,10,2,9,4.836019384812364e-06
1155,6,3,14,0.0006296405819772759
1156,3,2,17,3.4001255947411184e-06
1157,12,1,8,1.329608423956982e-06
1158,9,3,11,2.3401283716878606e-05
1159,11,4,16,6.124557567650079e-05
1160,7,1,8,7.99464095189417e-05
1161,3,4,14,1.0920785570648656e-05
1162,11,2,2,4.276332498398897e-07
1163,2,3,13,5.582674641635788e-06
1164,1,4,14,2.3487976659996126e-06
1165,8,2,18,0.0007740941747037219
1166,11,3,15,2.3401274052294562e-05
1167,16,1,14,8.194074279281547e-07
1168,16,3,6,1.153869657540051e-07
1169,18,3,8,8.544848031528195e-08
1170,12,3,16,1.372161266175544e-05
1171,8,2,9,2.96521640618315e-05
1172,3,2,10,0.00011053251646942668
1173,16,1,2,1.0180512298566391e-07
1174,18,1,2,6.124189727063532e-08
1175,4,3,7,0.013258878344088528
1176,17,3,6,8.544847433406958e-08
1177,10,1,8,4.364678699534876e-06
1178,10,3,9,3.795140562738843e-06
1179,9,1,13,0.0001732511957268001
1180,14,3,7,2.744804367952361e-07
1181,5,3,13,0.00020759218487675365
1182,12,2,18,5.443770719955902e-05
1183,13,4,12,1.7276281197209392e-06
1184,2,2,7,0.00025922819414629487
1185,11,1,15,4.165098038968651e-05
1186,7,4,1,2.3487962257691136e-06
1187,8,1,11,0.0001732512924550987
1188,16,3,8,1.596390795621808e-07
1189,9,2,6,3.4001242532534675e-06
1190,5,2,4,5.443766451863665e-05
1191,10,3,5,1.0771390989719383e-06
1192,16,4,18,1.7276288219695538e-06
1193,6,3,17,4.30930050812847e-05
1194,18,2,13,2.425368390400123e-07
1195,1,2,16,1.3751715979150969e-06
1196,18,2,10,1.4753313172054464e-07
1197,17,1,8,1.8223848160137213e-07
1198,1,2,15,1.8196453143158393e-06
1199,15,2,4,1.4753296460207677e-07
1200,15,4,7,2.2448091435648145e-07
1201,6,4,11,0.01424171630851224
1202,2,1,3,0.013449010708491003
1203,8,1,2,2.305800518281809e-06
1204,5,3,8,0.0033722899724360554
1205,14,3,14,1.4257554477319633e-06
1206,8,3,13,0.0006296398508092245
1207,3,4,15,7.01464715545533e-06
1208,13,2,9,8.272500975229474e-07
1209,3,3,3,0.0006296392319264925
1210,5,1,6,0.0004451528957421755
1211,10,2,10,7.1077984713397365e-06
1212,8,3,14,0.0033722910044566533
1213,13,3,13,1.9266618571423673e-06
1214,12,4,14,7.014647055428231e-06
1215,1,2,9,1.7423953365964782e-05
1216,4,1,6,0.00561084802545987
1217,16,1,10,3.602739041203882e-07
1218,1,1,18,1.036199506169175e-06
1219,4,3,10,0.0006296410436622984
1220,15,4,14,9.951496785617326e-07
1221,16,2,10,2.904643709352372e-07
1222,3,2,3,0.0007740927332868062
1223,17,3,3,5.657963180098028e-08
1224,4,2,5,0.0007740932029166289
1225,6,4,12,0.014241702122318543
1226,18,4,13,2.2448104267897624e-07
1227,7,2,4,7.1077905723367854e-06
1228,14,2,12,1.0581582721101932e-06
1229,14,1,1,1.562761299616348e-07
1230,14,3,17,3.7951421901413895e-06
1231,12,2,9,1.3751707750762342e-06
1232,12,2,4,4.276331813651382e-07
1233,13,3,6,3.3462771119570557e-07
1234,14,3,12,8.286066682349594e-07
1235,6,2,18,2.9652180039260423e-05
1236,18,2,11,1.729552494873812e-07
1237,11,1,9,3.132541016305327e-06
1238,13,1,18,2.3731253986686636e-05
1239,6,1,11,0.013449035741795968
1240,4,1,3,0.0001732509611580493
1241,5,3,1,8.543697330156549e-06
1242,4,2,17,7.1077943441253395e-06
1243,4,3,3,8.789188312308908e-05
1244,3,3,8,0.000629639913333288
1245,13,4,1,1.5971360070957663e-07
1246,2,4,12,1.092078041534242e-05
1247,16,3,5,9.901772075143454e-08
1248,10,3,15,8.789201907078565e-05
1249,4,1,11,0.00044515370235407225
1250,16,4,12,3.977087491189289e-07
1251,3,3,5,0.013258878344053995
1252,2,4,9,6.124553697490321e-05
1253,3,3,4,0.0033722899723841937
1254,7,3,1,1.9266611209188716e-06
1255,13,2,5,3.508097690281742e-07
1256,5,4,10,0.014241716896004541
1257,16,4,16,9.951496785618177e-07
1258,15,3,3,9.901762242878478e-08
1259,7,4,2,3.275729112193569e-06
1260,10,2,3,8.272491967486322e-07
1261,2,4,13,7.014648269790238e-06
1262,3,2,7,0.00375606132235915
1263,2,2,13,7.10779622974037e-06
1264,7,3,4,5.582670187975551e-06
1265,10,4,3,7.75239229428741e-07
1266,12,3,11,1.9266629030770405e-06
1267,4,1,2,7.994643528174255e-05
1268,6,2,9,0.0007740933292293532
1269,9,4,2,9.951492917657665e-07
1270,11,4,11,4.707969867869797e-06
1271,15,4,17,2.3487969525856384e-06
1272,5,4,11,0.0054097047894350195
1273,13,1,1,2.1382166927989604e-07
1274,2,4,6,0.001221423541605677
1275,11,4,5,7.752400118100468e-07
1276,4,2,9,0.0037560613223286644
1277,8,2,16,0.013023545452672652
1278,15,4,2,1.0064273857264885e-07
1279,6,2,1,4.836019557632798e-06
1280,12,1,18,7.994644869946944e-05
1281,13,4,10,9.951502023012282e-07
1282,8,3,6,5.582670403599562e-06
1283,16,4,5,1.1670731209982111e-07
1284,16,4,17,1.2988270526975162e-06
1285,4,1,13,7.994647149782448e-05
1286,14,1,13,1.7345182145067373e-06
1287,18,4,9,1.1670732816828011e-07
1288,5,1,2,2.3731246081937678e-05
1289,5,3,17,1.3721611568976331e-05
1290,1,2,5,0.00025922834541617794
1291,4,2,2,5.443769694561847e-05
1292,1,1,6,0.0001732512402402415
1293,3,2,5,0.013023540931996418
1294,2,1,18,1.734518163960505e-06
1295,12,4,1,2.2448093255354053e-07
